doc_id,category,title,content,tags,source,source_id,char_count,word_count,sentence_count,tag_count,content_clean
CUL_001,cultivar,TRI 2025 - Most Popular Sri Lankan Tea Cultivar,"TRI 2025 is the most widely cultivated tea variety in Sri Lanka, developed by the Tea Research Institute. This Cambod-type cultivar originated from the ASM 4/10 clone and was released for commercial planting due to its exceptional adaptability. TRI 2025 demonstrates remarkable versatility, thriving in low country, mid country, and up country elevations. The cultivar exhibits strong resistance to blister blight disease caused by Exobasidium vexans and shows tolerance to root-lesion nematode (Pratylenchus loosi). Additionally, TRI 2025 possesses drought tolerance, making it suitable for regions with irregular rainfall patterns. The tea produced from this cultivar has a well-balanced flavor profile suitable for both orthodox and CTC processing methods.","['TRI 2025', 'cultivar', 'disease resistant', 'drought tolerant', 'Cambod type']",,,759,108,6,5,tri 2025 is the most widely cultivated tea variety in sri lanka developed by the tea research institute. this cambod-type cultivar originated from the asm 4 10 clone and was released for commercial planting due to its exceptional adaptability. tri 2025 demonstrates remarkable versatility thriving in low country mid country and up country elevations. the cultivar exhibits strong resistance to blister blight disease caused by exobasidium vexans and shows tolerance to root-lesion nematode pratylenchus loosi . additionally tri 2025 possesses drought tolerance making it suitable for regions with irregular rainfall patterns. the tea produced from this cultivar has a well-balanced flavor profile suitable for both orthodox and ctc processing methods.
CUL_002,cultivar,TRI 2043 - Purple Tea Cultivar,"TRI 2043 is a unique cultivar known for its distinctive purple-pigmented leaves due to high anthocyanin content. This special characteristic makes it valuable for producing specialty teas including Golden Tips and Purple Tea. The anthocyanins provide additional antioxidant properties beyond regular green tea catechins. TRI 2043 is particularly suited for mid country and up country cultivation, especially in the Uva region where the unique climatic conditions enhance its special characteristics. The cultivar shows good resistance to blister blight and produces teas with exceptional aroma and flavor complexity. Purple tea from TRI 2043 commands premium prices in international markets due to its rarity and health benefits.","['TRI 2043', 'purple tea', 'anthocyanins', 'Golden Tips', 'specialty tea', 'antioxidants']",,,729,105,6,6,tri 2043 is a unique cultivar known for its distinctive purple-pigmented leaves due to high anthocyanin content. this special characteristic makes it valuable for producing specialty teas including golden tips and purple tea. the anthocyanins provide additional antioxidant properties beyond regular green tea catechins. tri 2043 is particularly suited for mid country and up country cultivation especially in the uva region where the unique climatic conditions enhance its special characteristics. the cultivar shows good resistance to blister blight and produces teas with exceptional aroma and flavor complexity. purple tea from tri 2043 commands premium prices in international markets due to its rarity and health benefits.
CUL_003,cultivar,TRI 2026 - High Yield Cultivar,"TRI 2026 is recognized for its high yield potential and good quality black tea production. This cultivar performs exceptionally well in low country and mid country regions of Sri Lanka. It produces leaves with good fermentation characteristics, resulting in teas with bright liquor and pleasant aroma. TRI 2026 has moderate resistance to blister blight and nematode attacks. The cultivar's vigorous growth habit and good recovery after pruning make it economically attractive for commercial plantations. It is particularly popular among smallholders due to its consistent yield performance.","['TRI 2026', 'high yield', 'black tea', 'low country', 'mid country']",,,590,86,6,5,tri 2026 is recognized for its high yield potential and good quality black tea production. this cultivar performs exceptionally well in low country and mid country regions of sri lanka. it produces leaves with good fermentation characteristics resulting in teas with bright liquor and pleasant aroma. tri 2026 has moderate resistance to blister blight and nematode attacks. the cultivar s vigorous growth habit and good recovery after pruning make it economically attractive for commercial plantations. it is particularly popular among smallholders due to its consistent yield performance.
CUL_004,cultivar,TRI 2023 - Quality Black Tea Producer,"TRI 2023 is valued for producing high-quality black tea with excellent cup characteristics. This cultivar is best suited for mid country and up country cultivation where cooler temperatures enhance tea quality. TRI 2023 produces medium yields but compensates with superior made tea quality. The cultivar has moderate resistance to blister blight but is susceptible to nematode damage in heavily infested soils. Teas from TRI 2023 are known for their bright infusion, good strength, and pleasant flavor, making them popular for single-origin premium teas.","['TRI 2023', 'quality tea', 'black tea', 'up country', 'mid country']",,,554,83,5,5,tri 2023 is valued for producing high-quality black tea with excellent cup characteristics. this cultivar is best suited for mid country and up country cultivation where cooler temperatures enhance tea quality. tri 2023 produces medium yields but compensates with superior made tea quality. the cultivar has moderate resistance to blister blight but is susceptible to nematode damage in heavily infested soils. teas from tri 2023 are known for their bright infusion good strength and pleasant flavor making them popular for single-origin premium teas.
CUL_005,cultivar,TRI 3013 - Aromatic Up Country Cultivar,"TRI 3013 belongs to the TRI 3000 series and is specifically developed for up country conditions. This cultivar is celebrated for producing teas with exceptional aroma and delicate flavor characteristics. TRI 3013 shows strong resistance to blister blight, which is particularly important in the misty, humid conditions of high elevations where this disease thrives. The cultivar produces smaller, finer leaves that are ideal for premium grade production. Teas from TRI 3013 are often used in specialty blends and single-estate offerings due to their distinctive aromatic qualities.","['TRI 3013', 'aromatic', 'up country', 'blister blight resistant', 'premium tea']",,,581,86,5,5,tri 3013 belongs to the tri 3000 series and is specifically developed for up country conditions. this cultivar is celebrated for producing teas with exceptional aroma and delicate flavor characteristics. tri 3013 shows strong resistance to blister blight which is particularly important in the misty humid conditions of high elevations where this disease thrives. the cultivar produces smaller finer leaves that are ideal for premium grade production. teas from tri 3013 are often used in specialty blends and single-estate offerings due to their distinctive aromatic qualities.
CUL_006,cultivar,TRI 3019 - Highly Disease Resistant Cultivar,"TRI 3019 stands out for its exceptional resistance to blister blight, rated as highly resistant compared to other cultivars. This makes it invaluable for cultivation in high-elevation areas where blister blight pressure is intense. The cultivar also demonstrates good yield potential and produces quality black tea. TRI 3019 is suitable for both up country and mid country regions and has become increasingly popular as plantations seek to reduce fungicide applications. The tea quality is characterized by good brightness and moderate strength.","['TRI 3019', 'blister blight resistant', 'high yield', 'up country', 'disease resistant']",,,545,81,5,5,tri 3019 stands out for its exceptional resistance to blister blight rated as highly resistant compared to other cultivars. this makes it invaluable for cultivation in high-elevation areas where blister blight pressure is intense. the cultivar also demonstrates good yield potential and produces quality black tea. tri 3019 is suitable for both up country and mid country regions and has become increasingly popular as plantations seek to reduce fungicide applications. the tea quality is characterized by good brightness and moderate strength.
CUL_007,cultivar,TRI 4006 - Premium Up Country Cultivar,"TRI 4006 represents the advanced TRI 4000 series and is known for excellent quality combined with high yield potential. This cultivar is highly resistant to both blister blight and nematode attacks, providing dual protection against major tea pests in Sri Lanka. TRI 4006 is recommended specifically for up country cultivation where it produces teas with superior cup quality. The leaves have good processing characteristics for orthodox manufacture. Estates using TRI 4006 report consistent quality and reduced crop protection costs.","['TRI 4006', 'premium quality', 'high yield', 'disease resistant', 'nematode tolerant']",,,534,79,5,5,tri 4006 represents the advanced tri 4000 series and is known for excellent quality combined with high yield potential. this cultivar is highly resistant to both blister blight and nematode attacks providing dual protection against major tea pests in sri lanka. tri 4006 is recommended specifically for up country cultivation where it produces teas with superior cup quality. the leaves have good processing characteristics for orthodox manufacture. estates using tri 4006 report consistent quality and reduced crop protection costs.
CUL_008,cultivar,TRI 4052 - Nematode Tolerant Cultivar,"TRI 4052 was specifically developed to address the significant nematode problem in Sri Lankan tea lands. The cultivar shows high tolerance to root-lesion nematode (Pratylenchus loosi), which causes substantial yield losses in susceptible varieties. TRI 4052 is recommended for low country and mid country regions where nematode populations tend to be high. The cultivar produces good yields and acceptable tea quality, making it a practical choice for replanting nematode-infested fields without requiring expensive soil treatment.","['TRI 4052', 'nematode tolerant', 'low country', 'mid country', 'replanting']",,,531,75,4,5,tri 4052 was specifically developed to address the significant nematode problem in sri lankan tea lands. the cultivar shows high tolerance to root-lesion nematode pratylenchus loosi which causes substantial yield losses in susceptible varieties. tri 4052 is recommended for low country and mid country regions where nematode populations tend to be high. the cultivar produces good yields and acceptable tea quality making it a practical choice for replanting nematode-infested fields without requiring expensive soil treatment.
CUL_009,cultivar,TRI 4053 - Multiple Pest Resistant Cultivar,"TRI 4053 offers multiple pest resistance characteristics, showing both blister blight resistance and high nematode tolerance. This combination makes it particularly valuable for integrated pest management approaches in tea cultivation. The cultivar is suited for low country and mid country regions and produces good quality tea with satisfactory yields. TRI 4053 is increasingly recommended for new plantings and replanting programs where reducing chemical inputs is a priority. The cultivar's broad resistance spectrum provides economic benefits through reduced crop protection costs.","['TRI 4053', 'pest resistant', 'blister blight', 'nematode tolerant', 'IPM']",,,586,80,5,5,tri 4053 offers multiple pest resistance characteristics showing both blister blight resistance and high nematode tolerance. this combination makes it particularly valuable for integrated pest management approaches in tea cultivation. the cultivar is suited for low country and mid country regions and produces good quality tea with satisfactory yields. tri 4053 is increasingly recommended for new plantings and replanting programs where reducing chemical inputs is a priority. the cultivar s broad resistance spectrum provides economic benefits through reduced crop protection costs.
CUL_010,cultivar,TRI 5001 - Latest Generation High Yielder,"TRI 5001 is part of the newest TRI 5000 series released in 2019, representing the latest advances in tea breeding. This cultivar offers 10-15% yield improvement over previous generations while maintaining high tea quality. TRI 5001 shows resistance to blister blight and notably to shot hole borer (Euwallacea fornicatus), a significant pest. The cultivar is recommended for up country regions and produces tea with bright liquor and good flavor. Early adopters report excellent field performance and quality premiums at auction.","['TRI 5001', 'TRI 5000 series', 'high yield', 'shot hole borer resistant', '2019 release']",,,529,80,5,5,tri 5001 is part of the newest tri 5000 series released in 2019 representing the latest advances in tea breeding. this cultivar offers 10-15 yield improvement over previous generations while maintaining high tea quality. tri 5001 shows resistance to blister blight and notably to shot hole borer euwallacea fornicatus a significant pest. the cultivar is recommended for up country regions and produces tea with bright liquor and good flavor. early adopters report excellent field performance and quality premiums at auction.
CUL_011,cultivar,TRI 5002 - Excellent Quality New Release,"TRI 5002, released alongside TRI 5001 in 2019, is noted for producing tea of excellent quality. The cultivar shows highly resistant characteristics against blister blight but has some susceptibility to shot hole borer. TRI 5002 is specifically recommended for up country cultivation where its quality potential can be fully realized. The tea produced has exceptional brightness, aroma, and flavor complexity that commands premium prices. This cultivar is ideal for estates focusing on specialty and single-origin market segments.","['TRI 5002', 'excellent quality', 'blister blight resistant', 'up country', 'premium tea']",,,529,77,5,5,tri 5002 released alongside tri 5001 in 2019 is noted for producing tea of excellent quality. the cultivar shows highly resistant characteristics against blister blight but has some susceptibility to shot hole borer. tri 5002 is specifically recommended for up country cultivation where its quality potential can be fully realized. the tea produced has exceptional brightness aroma and flavor complexity that commands premium prices. this cultivar is ideal for estates focusing on specialty and single-origin market segments.
CUL_012,cultivar,TRI 5003 - Nematode Tolerant New Generation,"TRI 5003 combines the yield advantages of the TRI 5000 series with high nematode tolerance inherited from earlier breeding lines. This cultivar addresses the continuing need for nematode-resistant varieties in Sri Lankan tea lands. TRI 5003 is suitable for both up country and mid country regions and also shows good blister blight resistance. The dual resistance characteristics make it valuable for areas where both pests are present. Tea quality is good, and yields meet the enhanced expectations of the 5000 series.","['TRI 5003', 'nematode tolerant', 'blister blight resistant', 'TRI 5000 series', 'mid country']",,,519,81,5,5,tri 5003 combines the yield advantages of the tri 5000 series with high nematode tolerance inherited from earlier breeding lines. this cultivar addresses the continuing need for nematode-resistant varieties in sri lankan tea lands. tri 5003 is suitable for both up country and mid country regions and also shows good blister blight resistance. the dual resistance characteristics make it valuable for areas where both pests are present. tea quality is good and yields meet the enhanced expectations of the 5000 series.
CUL_013,cultivar,TRI 5004 - Balanced Performance Cultivar,"TRI 5004 completes the initial TRI 5000 series release, offering balanced performance across yield, quality, and disease resistance parameters. The cultivar shows good blister blight resistance and moderate nematode tolerance. TRI 5004 is recommended for up country cultivation and produces tea with consistent quality characteristics. This cultivar is suitable for estates seeking reliable performance without extreme specialization in any single trait. It represents a safe choice for diversified planting programs.","['TRI 5004', 'balanced performance', 'up country', 'blister blight resistant', 'reliable']",,,517,70,5,5,tri 5004 completes the initial tri 5000 series release offering balanced performance across yield quality and disease resistance parameters. the cultivar shows good blister blight resistance and moderate nematode tolerance. tri 5004 is recommended for up country cultivation and produces tea with consistent quality characteristics. this cultivar is suitable for estates seeking reliable performance without extreme specialization in any single trait. it represents a safe choice for diversified planting programs.
CUL_014,cultivar,"Estate Selections - DN, DG7, DT1, DUN7","Beyond TRI cultivars, several estate selections have proven commercially valuable in Sri Lanka. DN (Deniyaya Selection) originated from the Deniyaya region and shows local adaptation. DG7 is well-suited for low country conditions with good yield potential. DT1 stands out for its drought tolerance, making it valuable for areas with unreliable rainfall. DUN7 (Dun 7 Selection) is an established estate selection with proven performance. These selections complement TRI varieties and provide genetic diversity in commercial plantings.","['estate selections', 'DN', 'DG7', 'DT1', 'DUN7', 'genetic diversity']",,,533,75,6,6,beyond tri cultivars several estate selections have proven commercially valuable in sri lanka. dn deniyaya selection originated from the deniyaya region and shows local adaptation. dg7 is well-suited for low country conditions with good yield potential. dt1 stands out for its drought tolerance making it valuable for areas with unreliable rainfall. dun7 dun 7 selection is an established estate selection with proven performance. these selections complement tri varieties and provide genetic diversity in commercial plantings.
REG_001,region,Nuwara Eliya - The Champagne of Ceylon Tea,"Nuwara Eliya, often called 'Little England', produces the most delicate and prized Ceylon teas. Located at an average elevation of 1,868 meters (6,128 feet), it represents the highest tea-growing region in Sri Lanka. The cool climate, with temperatures rarely exceeding 20°C, results in slow leaf growth that concentrates flavor compounds. Nuwara Eliya teas are characterized by their exceptionally light, golden liquor with greenish-yellow tones - the lightest of all Ceylon teas. The flavor profile features exquisite bouquet with delicate fragrance, brightness, and briskness. Distinctive notes of cypress, wild mint, and eucalyptus distinguish these teas. The Western Quality Season from January to March and Eastern Quality Season in August-September produce the finest teas when cool, dry winds enhance quality. Nuwara Eliya tea is often compared to Champagne in the wine world - representing the pinnacle of Ceylon tea excellence.","['Nuwara Eliya', 'high grown', 'Little England', 'premium tea', 'light liquor', 'delicate']",,,937,138,8,6,nuwara eliya often called little england produces the most delicate and prized ceylon teas. located at an average elevation of 1 868 meters 6 128 feet it represents the highest tea-growing region in sri lanka. the cool climate with temperatures rarely exceeding 20 c results in slow leaf growth that concentrates flavor compounds. nuwara eliya teas are characterized by their exceptionally light golden liquor with greenish-yellow tones - the lightest of all ceylon teas. the flavor profile features exquisite bouquet with delicate fragrance brightness and briskness. distinctive notes of cypress wild mint and eucalyptus distinguish these teas. the western quality season from january to march and eastern quality season in august-september produce the finest teas when cool dry winds enhance quality. nuwara eliya tea is often compared to champagne in the wine world - representing the pinnacle of ceylon tea excellence.
REG_002,region,Dimbula - Classic High Grown Character,"Dimbula is one of the most celebrated high-grown tea districts in Sri Lanka, with elevations ranging from 1,100 to 1,700 meters (3,500-5,500 feet). The region was among the earliest districts planted with tea after the coffee blight devastated plantations in the 1870s. Dimbula teas are renowned for their fine golden-orange hue, brightness, and refreshingly mellow character with hints of jasmine and cypress. The body ranges from medium to full, making these teas versatile for various brewing preferences. The Quality Season from January to April, during the dry period influenced by the southwest monsoon, produces the most sought-after Dimbula teas. The region's combination of altitude, rainfall pattern, and soil creates ideal conditions for producing teas with excellent keeping qualities and consistent character that has made Dimbula a benchmark for Ceylon high-grown teas.","['Dimbula', 'high grown', 'classic Ceylon', 'golden-orange', 'mellow', 'quality season']",,,883,131,6,6,dimbula is one of the most celebrated high-grown tea districts in sri lanka with elevations ranging from 1 100 to 1 700 meters 3 500-5 500 feet . the region was among the earliest districts planted with tea after the coffee blight devastated plantations in the 1870s. dimbula teas are renowned for their fine golden-orange hue brightness and refreshingly mellow character with hints of jasmine and cypress. the body ranges from medium to full making these teas versatile for various brewing preferences. the quality season from january to april during the dry period influenced by the southwest monsoon produces the most sought-after dimbula teas. the region s combination of altitude rainfall pattern and soil creates ideal conditions for producing teas with excellent keeping qualities and consistent character that has made dimbula a benchmark for ceylon high-grown teas.
REG_003,region,Uva - Unique Monsoon-Influenced Teas,"Uva is a distinctive tea region producing some of the most exotic Ceylon teas due to its unique exposure to both the northeast and southwest monsoons. Located on the eastern slopes of the central highlands at 1,000-1,600 meters (3,000-5,000 feet), Uva experiences weather patterns unlike any other tea region. The famous Uva Season from July to September occurs when the Cachan wind - a dry wind from the northeast monsoon - sweeps across the region, causing leaves to dehydrate slightly on the bush. This natural withering concentrates flavor compounds, producing teas with distinctive mellow, smooth, and exotic aromatic character. The bright, coppery liquor and unique flavor profile have made Uva teas highly prized. Thomas Lipton famously introduced Americans to tea using Uva teas, establishing the region's international reputation. Uva teas are particularly valued in Middle Eastern and European markets.","['Uva', 'monsoon influence', 'exotic', 'Cachan wind', 'mellow', 'coppery liquor']",,,912,139,7,6,uva is a distinctive tea region producing some of the most exotic ceylon teas due to its unique exposure to both the northeast and southwest monsoons. located on the eastern slopes of the central highlands at 1 000-1 600 meters 3 000-5 000 feet uva experiences weather patterns unlike any other tea region. the famous uva season from july to september occurs when the cachan wind - a dry wind from the northeast monsoon - sweeps across the region causing leaves to dehydrate slightly on the bush. this natural withering concentrates flavor compounds producing teas with distinctive mellow smooth and exotic aromatic character. the bright coppery liquor and unique flavor profile have made uva teas highly prized. thomas lipton famously introduced americans to tea using uva teas establishing the region s international reputation. uva teas are particularly valued in middle eastern and european markets.
REG_004,region,Uda Pussellawa - Distinctive Eastern Highland Teas,"Uda Pussellawa lies adjacent to Nuwara Eliya on the eastern slopes of Sri Lanka's central highlands. The region produces teas that share some characteristics with Nuwara Eliya but with their own distinctive character. The eastern exposure means Uda Pussellawa experiences different weather patterns, particularly during the monsoon transitions. Teas from this region have medium body with rose-like notes and a delicate astringency. The quality season aligns with the dry period when southeast winds prevail. Uda Pussellawa teas are known for their pinkish hue when brewed and subtle complexity. While less well-known internationally than Nuwara Eliya or Uva, Uda Pussellawa produces excellent teas that are gaining recognition among connoisseurs seeking distinctive Ceylon origins.","['Uda Pussellawa', 'high grown', 'eastern highlands', 'rose notes', 'medium body']",,,782,112,7,5,uda pussellawa lies adjacent to nuwara eliya on the eastern slopes of sri lanka s central highlands. the region produces teas that share some characteristics with nuwara eliya but with their own distinctive character. the eastern exposure means uda pussellawa experiences different weather patterns particularly during the monsoon transitions. teas from this region have medium body with rose-like notes and a delicate astringency. the quality season aligns with the dry period when southeast winds prevail. uda pussellawa teas are known for their pinkish hue when brewed and subtle complexity. while less well-known internationally than nuwara eliya or uva uda pussellawa produces excellent teas that are gaining recognition among connoisseurs seeking distinctive ceylon origins.
REG_005,region,Kandy - The Original Ceylon Tea District,"Kandy, the ancient royal capital of Sri Lanka, holds special significance in tea history as the region where commercial tea cultivation began. Situated at 600-1,200 meters (2,000-4,000 feet) in the mid country zone, Kandy produces medium-grown teas with distinctive character. The relatively lower elevation compared to high-grown regions results in faster leaf growth and more robust teas. Kandy teas are characterized by bright infusion with coppery tones, strong and malty flavor, and full body. These teas are particularly popular for morning drinking and pair well with milk. The region's rich biodiversity and traditional plucking methods contribute to consistent quality. Kandy teas represent excellent value, offering good strength and flavor without the premium prices of high-grown teas.","['Kandy', 'mid country', 'original Ceylon', 'malty', 'full body', 'bright infusion']",,,797,116,7,6,kandy the ancient royal capital of sri lanka holds special significance in tea history as the region where commercial tea cultivation began. situated at 600-1 200 meters 2 000-4 000 feet in the mid country zone kandy produces medium-grown teas with distinctive character. the relatively lower elevation compared to high-grown regions results in faster leaf growth and more robust teas. kandy teas are characterized by bright infusion with coppery tones strong and malty flavor and full body. these teas are particularly popular for morning drinking and pair well with milk. the region s rich biodiversity and traditional plucking methods contribute to consistent quality. kandy teas represent excellent value offering good strength and flavor without the premium prices of high-grown teas.
REG_006,region,Ruhuna - Bold Low Country Character,"Ruhuna encompasses the southern low country tea districts including Galle and Matara, producing distinctively bold teas at elevations from sea level to 600 meters (2,000 feet). The warmer climate accelerates leaf growth, resulting in larger leaves with different chemical composition than highland teas. Ruhuna teas are characterized by dark, strong liquor and bold, robust flavor - quite different from the delicacy of high-grown teas. These characteristics make Ruhuna teas ideal for blending, where they provide body, strength, and color to create balanced commercial blends. The teas also perform well with milk and sugar, popular in traditional tea preparations. Low country production represents a significant portion of Sri Lanka's total tea output and supports many smallholder farmers in the southern regions.","['Ruhuna', 'low country', 'bold', 'strong', 'blending tea', 'Galle', 'Matara']",,,818,120,6,7,ruhuna encompasses the southern low country tea districts including galle and matara producing distinctively bold teas at elevations from sea level to 600 meters 2 000 feet . the warmer climate accelerates leaf growth resulting in larger leaves with different chemical composition than highland teas. ruhuna teas are characterized by dark strong liquor and bold robust flavor - quite different from the delicacy of high-grown teas. these characteristics make ruhuna teas ideal for blending where they provide body strength and color to create balanced commercial blends. the teas also perform well with milk and sugar popular in traditional tea preparations. low country production represents a significant portion of sri lanka s total tea output and supports many smallholder farmers in the southern regions.
REG_007,region,Sabaragamuwa - Emerging Low Country Quality,"Sabaragamuwa is a low country tea region that has gained recognition for producing quality teas despite its lower elevation. Located in the wet zone of southwestern Sri Lanka, the region benefits from abundant rainfall and rich soils. Sabaragamuwa teas typically have medium to full body with hints of caramel and spice. The region is known for both orthodox and CTC production, with many smallholders contributing to overall output. Modern processing techniques and improved cultivars have enhanced the quality reputation of Sabaragamuwa teas. The region represents good value for everyday drinking teas while some estates produce premium grades that rival mid country teas in quality.","['Sabaragamuwa', 'low country', 'caramel notes', 'wet zone', 'smallholder']",,,686,104,6,5,sabaragamuwa is a low country tea region that has gained recognition for producing quality teas despite its lower elevation. located in the wet zone of southwestern sri lanka the region benefits from abundant rainfall and rich soils. sabaragamuwa teas typically have medium to full body with hints of caramel and spice. the region is known for both orthodox and ctc production with many smallholders contributing to overall output. modern processing techniques and improved cultivars have enhanced the quality reputation of sabaragamuwa teas. the region represents good value for everyday drinking teas while some estates produce premium grades that rival mid country teas in quality.
REG_008,region,Elevation Categories and Tea Quality,"Sri Lankan tea is classified into three elevation categories that fundamentally influence tea character. High Grown (Up Country) teas from above 1,200 meters produce the most delicate, complex, and prized teas with light liquor and subtle flavors. Medium Grown (Mid Country) teas from 600-1,200 meters balance body and flavor, producing versatile teas with good strength and character. Low Grown (Low Country) teas from below 600 meters produce bold, strong teas ideal for blending and traditional preparations. The elevation effect relates to temperature - cooler temperatures slow leaf growth, allowing accumulation of flavor compounds, amino acids, and aromatic substances. Higher elevation teas command premium prices, while low elevation teas provide volume and strength for commercial blends. The Lion Logo certification on Ceylon tea guarantees origin and quality standards regardless of elevation category.","['elevation', 'high grown', 'mid grown', 'low grown', 'quality factors', 'Lion Logo']",,,914,131,7,6,sri lankan tea is classified into three elevation categories that fundamentally influence tea character. high grown up country teas from above 1 200 meters produce the most delicate complex and prized teas with light liquor and subtle flavors. medium grown mid country teas from 600-1 200 meters balance body and flavor producing versatile teas with good strength and character. low grown low country teas from below 600 meters produce bold strong teas ideal for blending and traditional preparations. the elevation effect relates to temperature - cooler temperatures slow leaf growth allowing accumulation of flavor compounds amino acids and aromatic substances. higher elevation teas command premium prices while low elevation teas provide volume and strength for commercial blends. the lion logo certification on ceylon tea guarantees origin and quality standards regardless of elevation category.
GRD_001,grade,Orange Pekoe (OP) - Premier Whole Leaf Grade,"Orange Pekoe (OP) is the highest main grade of whole leaf Ceylon tea, representing the standard for quality leaf tea production. Despite its name, Orange Pekoe contains no orange flavoring - the term likely derives from the Dutch House of Orange or the copper color of oxidized leaf. OP consists of long, wiry, thin leaves that are carefully rolled to preserve their integrity. The leaves unfurl beautifully when brewed, releasing delicate fragrance and producing a light to medium bodied infusion. OP teas are prized for their smooth character without bitterness when properly brewed. This grade is typically produced from the youngest leaves and represents careful plucking and processing standards. OP is the benchmark grade against which other whole leaf grades are compared.","['Orange Pekoe', 'OP', 'whole leaf', 'premium grade', 'long leaves']",,,779,122,7,5,orange pekoe op is the highest main grade of whole leaf ceylon tea representing the standard for quality leaf tea production. despite its name orange pekoe contains no orange flavoring - the term likely derives from the dutch house of orange or the copper color of oxidized leaf. op consists of long wiry thin leaves that are carefully rolled to preserve their integrity. the leaves unfurl beautifully when brewed releasing delicate fragrance and producing a light to medium bodied infusion. op teas are prized for their smooth character without bitterness when properly brewed. this grade is typically produced from the youngest leaves and represents careful plucking and processing standards. op is the benchmark grade against which other whole leaf grades are compared.
GRD_002,grade,Orange Pekoe 1 (OP1) - Superior Whole Leaf,"Orange Pekoe 1 (OP1) represents a higher quality tier within the Orange Pekoe classification, distinguished by greater tip content and more careful leaf selection. The '1' designation indicates superior sorting and quality control during processing. OP1 leaves tend to be more uniform in size and appearance with visible golden or silver tips indicating young leaf shoots. When brewed, OP1 produces a more refined infusion than standard OP with enhanced aroma and brightness. This grade commands premium prices at auction and is sought after for single-origin presentations where leaf appearance and cup quality both matter. OP1 is particularly associated with high-grown regions where growing conditions favor tip development.","['OP1', 'Orange Pekoe 1', 'tips', 'superior grade', 'premium']",,,727,107,6,5,orange pekoe 1 op1 represents a higher quality tier within the orange pekoe classification distinguished by greater tip content and more careful leaf selection. the 1 designation indicates superior sorting and quality control during processing. op1 leaves tend to be more uniform in size and appearance with visible golden or silver tips indicating young leaf shoots. when brewed op1 produces a more refined infusion than standard op with enhanced aroma and brightness. this grade commands premium prices at auction and is sought after for single-origin presentations where leaf appearance and cup quality both matter. op1 is particularly associated with high-grown regions where growing conditions favor tip development.
GRD_003,grade,Flowery Orange Pekoe (FOP) - Tippy Whole Leaf,"Flowery Orange Pekoe (FOP) is a whole leaf grade characterized by the presence of tips or buds mixed with the leaves. The term 'flowery' refers to the tips, which were historically called 'flowers' in tea terminology. Tips are the unopened leaf buds that contain high concentrations of flavor compounds and appear as golden or silvery strands among the darker leaves. FOP indicates careful plucking of young shoots and gentle processing to preserve the delicate tips. The presence of tips enhances both visual appeal and cup quality, contributing aromatic complexity and sweetness. FOP grades are premium offerings that showcase the finest plucking standards of an estate.","['FOP', 'Flowery Orange Pekoe', 'tips', 'buds', 'premium whole leaf']",,,672,105,6,5,flowery orange pekoe fop is a whole leaf grade characterized by the presence of tips or buds mixed with the leaves. the term flowery refers to the tips which were historically called flowers in tea terminology. tips are the unopened leaf buds that contain high concentrations of flavor compounds and appear as golden or silvery strands among the darker leaves. fop indicates careful plucking of young shoots and gentle processing to preserve the delicate tips. the presence of tips enhances both visual appeal and cup quality contributing aromatic complexity and sweetness. fop grades are premium offerings that showcase the finest plucking standards of an estate.
GRD_004,grade,Tippy Golden Flowery Orange Pekoe (TGFOP),"Tippy Golden Flowery Orange Pekoe (TGFOP) represents an elite grade with exceptional tip content. The 'Tippy' designation indicates an abundance of golden tips throughout the leaf, while 'Golden' describes the color of these tips from young leaf buds. TGFOP is among the highest grades of whole leaf tea and commands significant premiums. The high tip content results from selective plucking of only the finest shoots and careful processing to preserve tip integrity. When brewed, TGFOP produces complex, aromatic infusions with natural sweetness and refined character. This grade is typically reserved for special productions and limited releases from premium estates.","['TGFOP', 'golden tips', 'elite grade', 'tippy', 'premium']",,,669,99,6,5,tippy golden flowery orange pekoe tgfop represents an elite grade with exceptional tip content. the tippy designation indicates an abundance of golden tips throughout the leaf while golden describes the color of these tips from young leaf buds. tgfop is among the highest grades of whole leaf tea and commands significant premiums. the high tip content results from selective plucking of only the finest shoots and careful processing to preserve tip integrity. when brewed tgfop produces complex aromatic infusions with natural sweetness and refined character. this grade is typically reserved for special productions and limited releases from premium estates.
GRD_005,grade,Broken Orange Pekoe (BOP) - Main Broken Grade,"Broken Orange Pekoe (BOP) is the principal broken leaf grade and represents the largest category of Ceylon tea production by volume. During orthodox processing, leaves are broken to create smaller particles that brew more quickly and produce stronger infusions than whole leaf grades. BOP consists of well-made broken leaves without excessive dust or fiber. The grade produces a brisk, bright infusion with good strength and color - characteristics valued in everyday drinking teas. BOP is popular for commercial tea bags and loose tea blends. The breaking process actually releases more flavor compounds quickly, making BOP efficient for producing satisfying cups in standard brewing times.","['BOP', 'Broken Orange Pekoe', 'broken leaf', 'brisk', 'everyday tea']",,,691,104,6,5,broken orange pekoe bop is the principal broken leaf grade and represents the largest category of ceylon tea production by volume. during orthodox processing leaves are broken to create smaller particles that brew more quickly and produce stronger infusions than whole leaf grades. bop consists of well-made broken leaves without excessive dust or fiber. the grade produces a brisk bright infusion with good strength and color - characteristics valued in everyday drinking teas. bop is popular for commercial tea bags and loose tea blends. the breaking process actually releases more flavor compounds quickly making bop efficient for producing satisfying cups in standard brewing times.
GRD_006,grade,Broken Orange Pekoe 1 (BOP1) - Premium Broken,"Broken Orange Pekoe 1 (BOP1) is a superior broken leaf grade with wiry, medium-length particles. The '1' designation indicates higher quality standards in selection and processing. BOP1 is characterized by malty flavor notes and golden infusion color when brewed. This grade often comes from high-grown regions where smaller leaves produce more concentrated flavor when broken. BOP1 represents excellent value, offering much of the quality character of whole leaf teas with the convenience and strength of broken grades. It is popular for premium tea bag production and quality loose tea offerings.","['BOP1', 'Broken Orange Pekoe 1', 'malty', 'premium broken', 'golden']",,,598,90,6,5,broken orange pekoe 1 bop1 is a superior broken leaf grade with wiry medium-length particles. the 1 designation indicates higher quality standards in selection and processing. bop1 is characterized by malty flavor notes and golden infusion color when brewed. this grade often comes from high-grown regions where smaller leaves produce more concentrated flavor when broken. bop1 represents excellent value offering much of the quality character of whole leaf teas with the convenience and strength of broken grades. it is popular for premium tea bag production and quality loose tea offerings.
GRD_007,grade,Flowery Broken Orange Pekoe (FBOP),"Flowery Broken Orange Pekoe (FBOP) combines the strength of broken leaf tea with the quality enhancement of tip content. This grade contains visible tips mixed with well-made broken leaves, indicating fine plucking standards despite the broken format. FBOP produces strong, bright infusions with added complexity from the tips. The coarser leaf structure compared to fannings allows controlled brewing without excessive bitterness. FBOP is valued for quality blends and premium tea bag production where both strength and character are important. High-grown FBOP commands premium prices at auction.","['FBOP', 'tips', 'broken leaf', 'strong', 'bright infusion']",,,597,86,6,5,flowery broken orange pekoe fbop combines the strength of broken leaf tea with the quality enhancement of tip content. this grade contains visible tips mixed with well-made broken leaves indicating fine plucking standards despite the broken format. fbop produces strong bright infusions with added complexity from the tips. the coarser leaf structure compared to fannings allows controlled brewing without excessive bitterness. fbop is valued for quality blends and premium tea bag production where both strength and character are important. high-grown fbop commands premium prices at auction.
GRD_008,grade,Broken Orange Pekoe Fannings (BOPF) - Main Sri Lankan Grade,"Broken Orange Pekoe Fannings (BOPF) is the most important commercial grade in Sri Lankan tea production, accounting for the largest share of exports. Fannings are smaller particles than broken grades, created during the sorting process. Despite their small size, quality BOPF produces rich, bright liquor with good color and satisfying strength. The small particle size allows quick brewing, making BOPF ideal for tea bags where consumers expect rapid flavor extraction. Sri Lankan BOPF is renowned internationally for its quality, representing excellent value for everyday tea drinking. The grade performs well with milk and sugar in traditional tea preparations.","['BOPF', 'fannings', 'main grade', 'tea bags', 'export grade', 'quick brewing']",,,664,98,6,6,broken orange pekoe fannings bopf is the most important commercial grade in sri lankan tea production accounting for the largest share of exports. fannings are smaller particles than broken grades created during the sorting process. despite their small size quality bopf produces rich bright liquor with good color and satisfying strength. the small particle size allows quick brewing making bopf ideal for tea bags where consumers expect rapid flavor extraction. sri lankan bopf is renowned internationally for its quality representing excellent value for everyday tea drinking. the grade performs well with milk and sugar in traditional tea preparations.
GRD_009,grade,Flowery Broken Orange Pekoe Fannings (FBOPF),"Flowery Broken Orange Pekoe Fannings (FBOPF) is considered one of the best fannings grades available, combining small particle convenience with tip content for enhanced quality. The presence of tips in a fannings grade is notable and indicates high-quality source leaf and careful processing. FBOPF produces bright, flavorful infusions quickly while offering more complexity than standard fannings. This grade is popular for premium tea bag production where manufacturers want to offer superior cup quality in a convenient format. FBOPF from high-grown regions is particularly prized.","['FBOPF', 'premium fannings', 'tips', 'bright liquor', 'quick brewing']",,,584,84,5,5,flowery broken orange pekoe fannings fbopf is considered one of the best fannings grades available combining small particle convenience with tip content for enhanced quality. the presence of tips in a fannings grade is notable and indicates high-quality source leaf and careful processing. fbopf produces bright flavorful infusions quickly while offering more complexity than standard fannings. this grade is popular for premium tea bag production where manufacturers want to offer superior cup quality in a convenient format. fbopf from high-grown regions is particularly prized.
GRD_010,grade,Silver Tips - The Pinnacle of Ceylon Tea,"Silver Tips represents the absolute pinnacle of Ceylon tea production, consisting entirely of unopened leaf buds hand-plucked before sunrise. The silvery-white appearance comes from fine downy hairs covering the young buds, which measure at least 2.5 centimeters in length. Production requires extraordinary labor - approximately 5 kilograms of fresh buds yield just 1 kilogram of finished Silver Tips. The buds are minimally processed to preserve their delicate character, resulting in tea that produces an almost colorless to very pale gold infusion. The flavor profile is remarkably subtle with hints of pine, honey, and delicate floral notes. Silver Tips commands the highest prices of any Ceylon tea and is produced in very limited quantities. It is traditionally enjoyed without milk to appreciate its delicate nuances.","['Silver Tips', 'white tea', 'premium', 'unopened buds', 'hand-plucked', 'rare']",,,825,124,7,6,silver tips represents the absolute pinnacle of ceylon tea production consisting entirely of unopened leaf buds hand-plucked before sunrise. the silvery-white appearance comes from fine downy hairs covering the young buds which measure at least 2.5 centimeters in length. production requires extraordinary labor - approximately 5 kilograms of fresh buds yield just 1 kilogram of finished silver tips. the buds are minimally processed to preserve their delicate character resulting in tea that produces an almost colorless to very pale gold infusion. the flavor profile is remarkably subtle with hints of pine honey and delicate floral notes. silver tips commands the highest prices of any ceylon tea and is produced in very limited quantities. it is traditionally enjoyed without milk to appreciate its delicate nuances.
GRD_011,grade,Golden Tips - Amber Excellence,"Golden Tips is a premium grade similar to Silver Tips but with distinctive golden coloration of the buds. This color typically develops from specific cultivars, particularly TRI 2043, or from slight withering that allows oxidation to begin. Golden Tips produces a pale amber to golden infusion with more pronounced flavor than Silver Tips while retaining exceptional delicacy. The flavor profile often includes notes of rose, peach, citrus, and honey. Like Silver Tips, Golden Tips requires meticulous hand-plucking and minimal processing. Production is limited and commands premium prices second only to Silver Tips. Golden Tips is particularly associated with estates in the Nuwara Eliya and Uva regions.","['Golden Tips', 'premium', 'TRI 2043', 'amber infusion', 'honey notes', 'rare']",,,706,106,7,6,golden tips is a premium grade similar to silver tips but with distinctive golden coloration of the buds. this color typically develops from specific cultivars particularly tri 2043 or from slight withering that allows oxidation to begin. golden tips produces a pale amber to golden infusion with more pronounced flavor than silver tips while retaining exceptional delicacy. the flavor profile often includes notes of rose peach citrus and honey. like silver tips golden tips requires meticulous hand-plucking and minimal processing. production is limited and commands premium prices second only to silver tips. golden tips is particularly associated with estates in the nuwara eliya and uva regions.
GRD_012,grade,Pekoe (P) - Traditional Whole Leaf,"Pekoe (P) is a whole leaf grade consisting of shorter, more tightly rolled leaves than Orange Pekoe. The term 'pekoe' derives from Chinese 'pak-ho' meaning white down, referring to the fine hairs on young tea leaves. In grading, Pekoe represents good quality whole leaf without the length and wiriness of OP. The shorter leaves produce a slightly stronger infusion with a hint of pleasant bitterness that some tea drinkers prefer. Pekoe is less common than it once was as production has shifted toward other grades, but it remains an important traditional classification in tea grading systems.","['Pekoe', 'whole leaf', 'traditional grade', 'short leaves', 'strong']",,,594,96,5,5,pekoe p is a whole leaf grade consisting of shorter more tightly rolled leaves than orange pekoe. the term pekoe derives from chinese pak-ho meaning white down referring to the fine hairs on young tea leaves. in grading pekoe represents good quality whole leaf without the length and wiriness of op. the shorter leaves produce a slightly stronger infusion with a hint of pleasant bitterness that some tea drinkers prefer. pekoe is less common than it once was as production has shifted toward other grades but it remains an important traditional classification in tea grading systems.
GRD_013,grade,Dust Grades - Fine Particle Teas,"Dust grades represent the finest particles in tea grading, smaller even than fannings. Despite their unglamorous name, quality dust can produce excellent cup results. The main dust grades include D (Dust), D1 (Dust 1), and PD (Pekoe Dust). These grades brew almost instantly and produce very strong, deeply colored infusions. Dust is extensively used in tea bags, particularly for economy products where quick brewing and strength are priorities. While dust lacks the subtlety of larger grades, it efficiently delivers the stimulating and flavorful aspects of tea. Sri Lankan dust grades are considered among the best in the world for their clean taste without excessive bitterness.","['dust', 'fine particles', 'tea bags', 'instant brewing', 'strong infusion']",,,682,105,7,5,dust grades represent the finest particles in tea grading smaller even than fannings. despite their unglamorous name quality dust can produce excellent cup results. the main dust grades include d dust d1 dust 1 and pd pekoe dust . these grades brew almost instantly and produce very strong deeply colored infusions. dust is extensively used in tea bags particularly for economy products where quick brewing and strength are priorities. while dust lacks the subtlety of larger grades it efficiently delivers the stimulating and flavorful aspects of tea. sri lankan dust grades are considered among the best in the world for their clean taste without excessive bitterness.
PRO_001,processing,Orthodox Tea Manufacturing Process,"Orthodox processing is the traditional method of tea manufacture that Sri Lanka has made its specialty, accounting for 95% of the country's production. The process begins with plucking, ideally two leaves and a bud. Withering follows, lasting 12-20 hours to reduce moisture content by approximately 50%, making leaves pliable for rolling. Rolling is a critical step lasting 30-60 minutes that breaks cell walls, releases enzymes, and creates the characteristic twisted leaf shape. During oxidation (often incorrectly called fermentation), enzymes convert catechins to theaflavins and thearubigins over 2-4 hours under controlled temperature and humidity. Finally, drying halts oxidation and reduces moisture to approximately 3% for shelf stability. Orthodox processing produces complex, layered flavors with distinct regional character that distinguishes Ceylon tea in world markets.","['orthodox', 'traditional processing', 'withering', 'rolling', 'oxidation', 'Ceylon method']",,,883,123,7,6,orthodox processing is the traditional method of tea manufacture that sri lanka has made its specialty accounting for 95 of the country s production. the process begins with plucking ideally two leaves and a bud. withering follows lasting 12-20 hours to reduce moisture content by approximately 50 making leaves pliable for rolling. rolling is a critical step lasting 30-60 minutes that breaks cell walls releases enzymes and creates the characteristic twisted leaf shape. during oxidation often incorrectly called fermentation enzymes convert catechins to theaflavins and thearubigins over 2-4 hours under controlled temperature and humidity. finally drying halts oxidation and reduces moisture to approximately 3 for shelf stability. orthodox processing produces complex layered flavors with distinct regional character that distinguishes ceylon tea in world markets.
PRO_002,processing,CTC Tea Manufacturing Process,"CTC (Crush, Tear, Curl) is a mechanized processing method invented by Sir William McKercher in 1931. Unlike orthodox processing which preserves leaf integrity, CTC uses serrated rollers to cut leaves into small, uniform particles. The process is much faster than orthodox, taking only 2-3 hours from fresh leaf to finished tea. CTC produces small, hard pellets that brew quickly with bold, strong flavor. This processing method dominates global tea production, accounting for approximately 95% of world output, though Sri Lanka maintains its focus on orthodox. CTC tea is ideal for tea bags, iced tea, and masala chai where quick brewing and strength are valued over subtle complexity. Some Sri Lankan estates produce CTC for specific market demands.","['CTC', 'mechanized processing', 'Crush Tear Curl', 'tea bags', 'strong tea']",,,750,117,7,5,ctc crush tear curl is a mechanized processing method invented by sir william mckercher in 1931. unlike orthodox processing which preserves leaf integrity ctc uses serrated rollers to cut leaves into small uniform particles. the process is much faster than orthodox taking only 2-3 hours from fresh leaf to finished tea. ctc produces small hard pellets that brew quickly with bold strong flavor. this processing method dominates global tea production accounting for approximately 95 of world output though sri lanka maintains its focus on orthodox. ctc tea is ideal for tea bags iced tea and masala chai where quick brewing and strength are valued over subtle complexity. some sri lankan estates produce ctc for specific market demands.
PRO_003,processing,Withering - The First Critical Step,"Withering is the first processing step after plucking and fundamentally influences final tea quality. Fresh tea leaves contain approximately 75-80% moisture, which must be reduced to around 50-55% for proper rolling. Physical withering makes leaves soft and pliable, preventing breakage during rolling. Chemical withering initiates important biochemical changes including caffeine redistribution and aroma compound development. Withering typically takes 12-20 hours in Sri Lankan factories, though this varies with weather conditions and desired tea character. Under-withered leaf produces greenish, harsh tea, while over-withered leaf yields flat, lifeless character. Modern factories use withering troughs with controlled airflow to achieve consistent results.","['withering', 'moisture reduction', 'first step', 'chemical changes', 'leaf preparation']",,,762,99,7,5,withering is the first processing step after plucking and fundamentally influences final tea quality. fresh tea leaves contain approximately 75-80 moisture which must be reduced to around 50-55 for proper rolling. physical withering makes leaves soft and pliable preventing breakage during rolling. chemical withering initiates important biochemical changes including caffeine redistribution and aroma compound development. withering typically takes 12-20 hours in sri lankan factories though this varies with weather conditions and desired tea character. under-withered leaf produces greenish harsh tea while over-withered leaf yields flat lifeless character. modern factories use withering troughs with controlled airflow to achieve consistent results.
PRO_004,processing,Rolling and Oxidation Explained,"Rolling serves multiple purposes in orthodox tea manufacture. The mechanical action breaks cell walls, releasing enzymes and substrates that will interact during oxidation. Rolling also shapes the leaves into their characteristic twisted appearance and releases leaf juices onto the surface where oxidation occurs. The rolling process typically involves 30-60 minutes in specialized rolling machines. Oxidation follows rolling, during which polyphenol oxidase enzymes convert catechins to theaflavins (bright, brisk character) and thearubigins (color, body). Oxidation occurs at 20-30°C with 95-98% humidity over 2-4 hours, carefully monitored to achieve desired character. The factory manager determines the optimal oxidation point based on color change and aroma development.","['rolling', 'oxidation', 'enzymes', 'theaflavins', 'thearubigins', 'processing']",,,777,104,7,6,rolling serves multiple purposes in orthodox tea manufacture. the mechanical action breaks cell walls releasing enzymes and substrates that will interact during oxidation. rolling also shapes the leaves into their characteristic twisted appearance and releases leaf juices onto the surface where oxidation occurs. the rolling process typically involves 30-60 minutes in specialized rolling machines. oxidation follows rolling during which polyphenol oxidase enzymes convert catechins to theaflavins bright brisk character and thearubigins color body . oxidation occurs at 20-30 c with 95-98 humidity over 2-4 hours carefully monitored to achieve desired character. the factory manager determines the optimal oxidation point based on color change and aroma development.
PRO_005,processing,Tea Drying and Sorting,"Drying halts oxidation at the precise point determined by the factory manager, fixing the chemical composition that determines tea character. Hot air dryers reduce moisture content from approximately 50% to just 3%, ensuring shelf stability. The drying temperature must be carefully controlled - too hot and the tea develops harsh, burnt notes; too cool and enzymatic activity continues, altering character. After drying, tea undergoes sorting through a series of sieves that separate different particle sizes into grades. Electrostatic sorters remove fiber and stalk. Color sorting may remove off-colored particles. The sorting process determines the final grade designations and ensures uniformity within each grade. Proper sorting is essential for consistent brew quality.","['drying', 'sorting', 'grading', 'moisture', 'quality control']",,,775,111,8,5,drying halts oxidation at the precise point determined by the factory manager fixing the chemical composition that determines tea character. hot air dryers reduce moisture content from approximately 50 to just 3 ensuring shelf stability. the drying temperature must be carefully controlled - too hot and the tea develops harsh burnt notes too cool and enzymatic activity continues altering character. after drying tea undergoes sorting through a series of sieves that separate different particle sizes into grades. electrostatic sorters remove fiber and stalk. color sorting may remove off-colored particles. the sorting process determines the final grade designations and ensures uniformity within each grade. proper sorting is essential for consistent brew quality.
PRO_006,processing,Tea Types by Oxidation Level,"Tea types are fundamentally distinguished by oxidation level during processing. White tea undergoes minimal oxidation (0-5%), with leaves simply withered and dried, preserving the highest antioxidant levels. Green tea is not oxidized (0%); leaves are quickly heated by pan-firing or steaming to deactivate enzymes, preserving green color and high EGCG content. Oolong tea is partially oxidized (15-85%), creating complex flavor profiles between green and black tea. Black tea is fully oxidized (100%), producing characteristic dark color and bold flavor from theaflavins and thearubigins. Sri Lanka produces primarily black tea through the orthodox method, though small quantities of green, white, and oolong are also manufactured for niche markets.","['oxidation levels', 'white tea', 'green tea', 'oolong', 'black tea', 'tea types']",,,749,107,6,6,tea types are fundamentally distinguished by oxidation level during processing. white tea undergoes minimal oxidation 0-5 with leaves simply withered and dried preserving the highest antioxidant levels. green tea is not oxidized 0 leaves are quickly heated by pan-firing or steaming to deactivate enzymes preserving green color and high egcg content. oolong tea is partially oxidized 15-85 creating complex flavor profiles between green and black tea. black tea is fully oxidized 100 producing characteristic dark color and bold flavor from theaflavins and thearubigins. sri lanka produces primarily black tea through the orthodox method though small quantities of green white and oolong are also manufactured for niche markets.
HLT_001,health,EGCG - The Master Antioxidant in Tea,"Epigallocatechin-3-gallate (EGCG) is the most abundant and potent catechin in tea, representing approximately 59% of total catechins. A typical 240ml cup of green tea contains approximately 187mg of EGCG. Research has established EGCG as a more powerful antioxidant than vitamins C and E, capable of neutralizing harmful free radicals that damage cells. The compound demonstrates anti-inflammatory properties and has been studied extensively for potential health benefits including cardiovascular protection, neuroprotection, and metabolic enhancement. EGCG's antioxidant capacity is measured at approximately 25-100 times more potent than vitamins C and E in some assays. Processing affects EGCG content - green tea retains the most, while black tea converts some EGCG to theaflavins during oxidation, which have their own beneficial properties.","['EGCG', 'catechin', 'antioxidant', 'green tea', 'health benefits']",,,846,118,6,5,epigallocatechin-3-gallate egcg is the most abundant and potent catechin in tea representing approximately 59 of total catechins. a typical 240ml cup of green tea contains approximately 187mg of egcg. research has established egcg as a more powerful antioxidant than vitamins c and e capable of neutralizing harmful free radicals that damage cells. the compound demonstrates anti-inflammatory properties and has been studied extensively for potential health benefits including cardiovascular protection neuroprotection and metabolic enhancement. egcg s antioxidant capacity is measured at approximately 25-100 times more potent than vitamins c and e in some assays. processing affects egcg content - green tea retains the most while black tea converts some egcg to theaflavins during oxidation which have their own beneficial properties.
HLT_002,health,Catechins - Tea's Polyphenol Family,"Catechins are a family of polyphenolic compounds that comprise 18-36% of tea's dry weight and are responsible for many health benefits. The four major catechins are EGCG (epigallocatechin gallate), ECG (epicatechin gallate), EGC (epigallocatechin), and EC (epicatechin). Their antioxidant potency ranks approximately EGCG ≈ ECG > EGC > EC. Catechins contribute to tea's characteristic astringency and are more abundant in young leaves - another reason why fine plucking produces healthier tea. During black tea production, catechins partially convert to theaflavins and thearubigins through oxidation. Green tea retains more original catechins, while black tea offers different but still beneficial polyphenol profiles. Regular tea consumption providing 200-300mg of catechins daily is associated with positive health outcomes.","['catechins', 'polyphenols', 'antioxidants', 'ECG', 'EGC', 'health compounds']",,,827,114,7,6,catechins are a family of polyphenolic compounds that comprise 18-36 of tea s dry weight and are responsible for many health benefits. the four major catechins are egcg epigallocatechin gallate ecg epicatechin gallate egc epigallocatechin and ec epicatechin . their antioxidant potency ranks approximately egcg ecg egc ec. catechins contribute to tea s characteristic astringency and are more abundant in young leaves - another reason why fine plucking produces healthier tea. during black tea production catechins partially convert to theaflavins and thearubigins through oxidation. green tea retains more original catechins while black tea offers different but still beneficial polyphenol profiles. regular tea consumption providing 200-300mg of catechins daily is associated with positive health outcomes.
HLT_003,health,L-Theanine - Tea's Calming Amino Acid,"L-theanine is a unique amino acid found almost exclusively in the tea plant (Camellia sinensis). This compound produces calming effects without drowsiness by promoting alpha brain wave activity associated with relaxed alertness. L-theanine works synergistically with tea's caffeine - the theanine smooths caffeine's stimulating effects, providing alert focus without the jitters associated with coffee. Research indicates L-theanine may improve cognitive function, reduce stress and anxiety, and enhance sleep quality. Shade-grown teas like Japanese gyokuro have higher L-theanine content as shade increases amino acid accumulation. A typical cup of tea contains 25-60mg of L-theanine. The combination of L-theanine and caffeine in tea creates a unique mental state prized by meditators and scholars throughout history.","['L-theanine', 'amino acid', 'calming', 'focus', 'caffeine synergy', 'brain health']",,,819,113,7,6,l-theanine is a unique amino acid found almost exclusively in the tea plant camellia sinensis . this compound produces calming effects without drowsiness by promoting alpha brain wave activity associated with relaxed alertness. l-theanine works synergistically with tea s caffeine - the theanine smooths caffeine s stimulating effects providing alert focus without the jitters associated with coffee. research indicates l-theanine may improve cognitive function reduce stress and anxiety and enhance sleep quality. shade-grown teas like japanese gyokuro have higher l-theanine content as shade increases amino acid accumulation. a typical cup of tea contains 25-60mg of l-theanine. the combination of l-theanine and caffeine in tea creates a unique mental state prized by meditators and scholars throughout history.
HLT_004,health,Cardiovascular Benefits of Tea Consumption,"Regular tea consumption has been consistently associated with improved cardiovascular health in epidemiological studies. Tea polyphenols help reduce LDL cholesterol oxidation, a key step in atherosclerotic plaque formation. Studies show tea consumption improves endothelial function, helping blood vessels dilate properly. Meta-analyses indicate that drinking 3 or more cups of tea daily is associated with reduced risk of heart attack and stroke. The mechanisms include antioxidant protection of blood vessel walls, mild blood pressure reduction, improved lipid profiles, and anti-inflammatory effects. Both green and black tea show cardiovascular benefits, though the specific compounds differ. The evidence is strong enough that some health authorities recognize tea as part of a heart-healthy diet.","['cardiovascular', 'heart health', 'LDL cholesterol', 'blood pressure', 'endothelial function']",,,802,110,7,5,regular tea consumption has been consistently associated with improved cardiovascular health in epidemiological studies. tea polyphenols help reduce ldl cholesterol oxidation a key step in atherosclerotic plaque formation. studies show tea consumption improves endothelial function helping blood vessels dilate properly. meta-analyses indicate that drinking 3 or more cups of tea daily is associated with reduced risk of heart attack and stroke. the mechanisms include antioxidant protection of blood vessel walls mild blood pressure reduction improved lipid profiles and anti-inflammatory effects. both green and black tea show cardiovascular benefits though the specific compounds differ. the evidence is strong enough that some health authorities recognize tea as part of a heart-healthy diet.
HLT_005,health,Tea and Cognitive Function,Tea consumption has been linked to improved cognitive function and reduced risk of cognitive decline. A Singapore longitudinal study found regular tea drinkers had 64% lower risk of cognitive impairment compared to non-tea drinkers. The combination of caffeine and L-theanine provides sustained attention and improved performance on cognitive tasks. Long-term benefits may include neuroprotection from tea polyphenols that cross the blood-brain barrier. EGCG has shown potential in laboratory studies to protect neurons from damage associated with Alzheimer's and Parkinson's diseases. The ritual of tea preparation and consumption may also provide cognitive benefits through mindfulness. Regular moderate tea consumption appears to support brain health throughout the lifespan.,"['cognitive function', 'brain health', 'memory', 'neuroprotection', 'attention']",,,778,106,7,5,tea consumption has been linked to improved cognitive function and reduced risk of cognitive decline. a singapore longitudinal study found regular tea drinkers had 64 lower risk of cognitive impairment compared to non-tea drinkers. the combination of caffeine and l-theanine provides sustained attention and improved performance on cognitive tasks. long-term benefits may include neuroprotection from tea polyphenols that cross the blood-brain barrier. egcg has shown potential in laboratory studies to protect neurons from damage associated with alzheimer s and parkinson s diseases. the ritual of tea preparation and consumption may also provide cognitive benefits through mindfulness. regular moderate tea consumption appears to support brain health throughout the lifespan.
HLT_006,health,Tea Polyphenols and Metabolic Health,"Research indicates tea polyphenols may support metabolic health through multiple mechanisms. EGCG has been shown to enhance fat oxidation during exercise and at rest. Some studies suggest green tea consumption modestly increases metabolic rate. Tea polyphenols may improve insulin sensitivity and help regulate blood glucose levels. Anti-inflammatory effects of tea compounds reduce chronic low-grade inflammation associated with metabolic syndrome. Clinical trials have shown modest weight management benefits from tea consumption, particularly green tea. The effects are most pronounced when combined with healthy diet and exercise. While not a magic solution for weight loss, regular tea consumption appears to support overall metabolic function.","['metabolism', 'fat oxidation', 'weight management', 'insulin sensitivity', 'blood glucose']",,,749,102,8,5,research indicates tea polyphenols may support metabolic health through multiple mechanisms. egcg has been shown to enhance fat oxidation during exercise and at rest. some studies suggest green tea consumption modestly increases metabolic rate. tea polyphenols may improve insulin sensitivity and help regulate blood glucose levels. anti-inflammatory effects of tea compounds reduce chronic low-grade inflammation associated with metabolic syndrome. clinical trials have shown modest weight management benefits from tea consumption particularly green tea. the effects are most pronounced when combined with healthy diet and exercise. while not a magic solution for weight loss regular tea consumption appears to support overall metabolic function.
HLT_007,health,Safe Tea Consumption Guidelines,"Health authorities generally consider 3-5 cups of tea daily safe and potentially beneficial for most adults. This consumption level provides meaningful polyphenol intake without excessive caffeine. A typical cup of black tea contains 40-70mg caffeine, compared to 95-200mg in coffee. Individual caffeine sensitivity varies, and some people may need to limit consumption, especially later in the day to avoid sleep disruption. Pregnant women are advised to limit caffeine intake to 200mg daily. Very high tea consumption (10+ cups daily) may interfere with iron absorption, particularly if consumed with meals. Tea is best enjoyed between meals rather than with iron-rich foods. Quality tea from reputable sources minimizes risk of contaminants.","['safe consumption', 'caffeine', 'daily intake', 'guidelines', 'pregnancy']",,,744,109,8,5,health authorities generally consider 3-5 cups of tea daily safe and potentially beneficial for most adults. this consumption level provides meaningful polyphenol intake without excessive caffeine. a typical cup of black tea contains 40-70mg caffeine compared to 95-200mg in coffee. individual caffeine sensitivity varies and some people may need to limit consumption especially later in the day to avoid sleep disruption. pregnant women are advised to limit caffeine intake to 200mg daily. very high tea consumption 10 cups daily may interfere with iron absorption particularly if consumed with meals. tea is best enjoyed between meals rather than with iron-rich foods. quality tea from reputable sources minimizes risk of contaminants.
HLT_008,health,Theaflavins and Thearubigins in Black Tea,"Theaflavins and thearubigins are polyphenolic compounds unique to oxidized teas like black tea. They form when catechins undergo enzymatic oxidation during processing. Theaflavins contribute bright, brisk characteristics and orange-red color to black tea liquor. Thearubigins provide the deep reddish-brown color and body. While these compounds have less direct antioxidant activity than catechins, research shows they provide their own health benefits including cholesterol management and antiviral properties. Black tea consumption has been associated with cardiovascular benefits in large population studies, indicating theaflavins and thearubigins contribute meaningfully to tea's health profile. Black tea remains a significant source of beneficial polyphenols despite oxidation changing the catechin profile.","['theaflavins', 'thearubigins', 'black tea', 'oxidation products', 'health benefits']",,,814,104,7,5,theaflavins and thearubigins are polyphenolic compounds unique to oxidized teas like black tea. they form when catechins undergo enzymatic oxidation during processing. theaflavins contribute bright brisk characteristics and orange-red color to black tea liquor. thearubigins provide the deep reddish-brown color and body. while these compounds have less direct antioxidant activity than catechins research shows they provide their own health benefits including cholesterol management and antiviral properties. black tea consumption has been associated with cardiovascular benefits in large population studies indicating theaflavins and thearubigins contribute meaningfully to tea s health profile. black tea remains a significant source of beneficial polyphenols despite oxidation changing the catechin profile.
PLK_001,plucking,Fine Plucking - Two Leaves and a Bud Standard,"Fine plucking of two leaves and a bud represents the gold standard for quality tea production in Sri Lanka. This plucking standard, known locally as 'two and a bud', ensures optimal balance between quality and yield. The bud contains the highest concentration of flavor compounds, amino acids, and polyphenols. The two young leaves adjacent to the bud are tender with good chemical composition. This combination produces tea with brightness, complexity, and strength. Fine plucking requires skilled labor - pluckers must select only shoots at the right stage while leaving others to develop. Tea Research Institute guidelines recommend maintaining 75% fine leaf composition by weight in harvested material. Estates focusing on premium production enforce strict plucking standards.","['fine plucking', 'two and bud', 'quality standard', 'skilled labor', 'TRI standard']",,,780,116,8,5,fine plucking of two leaves and a bud represents the gold standard for quality tea production in sri lanka. this plucking standard known locally as two and a bud ensures optimal balance between quality and yield. the bud contains the highest concentration of flavor compounds amino acids and polyphenols. the two young leaves adjacent to the bud are tender with good chemical composition. this combination produces tea with brightness complexity and strength. fine plucking requires skilled labor - pluckers must select only shoots at the right stage while leaving others to develop. tea research institute guidelines recommend maintaining 75 fine leaf composition by weight in harvested material. estates focusing on premium production enforce strict plucking standards.
PLK_002,plucking,Imperial Plucking for Silver Tips,"Imperial plucking refers to harvesting only the unopened bud without any leaves - the most selective plucking standard. This practice is reserved exclusively for producing Silver Tips and the finest white teas. Imperial plucking must occur in early morning before buds open, typically before sunrise when dew still covers the plants. The technique requires extraordinary skill to remove only the bud without damaging the plant. Yield is extremely low - approximately 5 kilograms of fresh buds produce just 1 kilogram of finished Silver Tips. Only certain cultivars produce suitable buds, and weather conditions must be ideal. The resulting tea commands the highest prices in the world, making imperial plucking economically viable despite its labor intensity.","['imperial plucking', 'Silver Tips', 'buds only', 'white tea', 'premium harvest']",,,759,115,7,5,imperial plucking refers to harvesting only the unopened bud without any leaves - the most selective plucking standard. this practice is reserved exclusively for producing silver tips and the finest white teas. imperial plucking must occur in early morning before buds open typically before sunrise when dew still covers the plants. the technique requires extraordinary skill to remove only the bud without damaging the plant. yield is extremely low - approximately 5 kilograms of fresh buds produce just 1 kilogram of finished silver tips. only certain cultivars produce suitable buds and weather conditions must be ideal. the resulting tea commands the highest prices in the world making imperial plucking economically viable despite its labor intensity.
PLK_003,plucking,Coarse Plucking and Quality Impact,"Coarse plucking refers to harvesting shoots with more than three leaves, often including mature leaves and woody stems. This practice severely compromises tea quality and is considered a reject category in premium production. Mature leaves have high fiber content and low concentrations of desirable compounds like catechins and amino acids. Woody stems add harshness and astringency without flavor contribution. Coarse plucked material produces tea with poor brightness, harsh character, and weak aroma. In quality assessment, coarse plucking is penalized heavily - the AI grading system assigns 0 points (reject) to coarse plucked material. Factors leading to coarse plucking include labor shortages, payment systems based on weight alone, and poor supervision. Quality-focused estates implement strict monitoring to minimize coarse plucking.","['coarse plucking', 'quality impact', 'reject material', 'fiber content', 'quality control']",,,844,119,8,5,coarse plucking refers to harvesting shoots with more than three leaves often including mature leaves and woody stems. this practice severely compromises tea quality and is considered a reject category in premium production. mature leaves have high fiber content and low concentrations of desirable compounds like catechins and amino acids. woody stems add harshness and astringency without flavor contribution. coarse plucked material produces tea with poor brightness harsh character and weak aroma. in quality assessment coarse plucking is penalized heavily - the ai grading system assigns 0 points reject to coarse plucked material. factors leading to coarse plucking include labor shortages payment systems based on weight alone and poor supervision. quality-focused estates implement strict monitoring to minimize coarse plucking.
PLK_004,plucking,Plucking Round and Bush Recovery,"Plucking round refers to the interval between successive harvests from the same area. In Sri Lanka, plucking rounds typically range from 7-10 days depending on season and elevation. Shorter rounds during flush periods ensure tender shoots are harvested at optimal development. Longer rounds allow adequate recovery and new growth. The plucking table - the maintained surface of the tea bush from which shoots emerge - must be kept clean and level for uniform shoot development. Proper plucking technique removes shoots cleanly without damaging dormant buds that will produce the next flush. Over-plucking or plucking too close damages the plant. Under-plucking leaves shoots to become coarse. Skilled pluckers balance harvest intensity with plant health for sustained productivity.","['plucking round', 'harvest interval', 'bush recovery', 'plucking table', 'sustainable harvest']",,,781,116,9,5,plucking round refers to the interval between successive harvests from the same area. in sri lanka plucking rounds typically range from 7-10 days depending on season and elevation. shorter rounds during flush periods ensure tender shoots are harvested at optimal development. longer rounds allow adequate recovery and new growth. the plucking table - the maintained surface of the tea bush from which shoots emerge - must be kept clean and level for uniform shoot development. proper plucking technique removes shoots cleanly without damaging dormant buds that will produce the next flush. over-plucking or plucking too close damages the plant. under-plucking leaves shoots to become coarse. skilled pluckers balance harvest intensity with plant health for sustained productivity.
PLK_005,plucking,Machine vs Hand Plucking,"The debate between machine and hand plucking involves trade-offs between cost efficiency and quality. Hand plucking allows selective harvest of shoots at optimal development, maintaining fine plucking standards. Skilled pluckers can achieve high fine leaf percentages impossible with machines. However, labor costs make hand plucking increasingly expensive. Mechanical harvesters cut all shoots above a certain height regardless of development stage. This produces mixed quality harvest including both fine and coarse material. Machine plucking is more common in low-elevation, high-yield situations where volume matters more than premium quality. In Sri Lanka, hand plucking predominates for quality production, particularly in high-grown regions. Some estates use selective mechanization for maintenance rounds while hand-plucking during quality seasons.","['machine plucking', 'hand plucking', 'labor', 'quality trade-off', 'cost efficiency']",,,856,113,9,5,the debate between machine and hand plucking involves trade-offs between cost efficiency and quality. hand plucking allows selective harvest of shoots at optimal development maintaining fine plucking standards. skilled pluckers can achieve high fine leaf percentages impossible with machines. however labor costs make hand plucking increasingly expensive. mechanical harvesters cut all shoots above a certain height regardless of development stage. this produces mixed quality harvest including both fine and coarse material. machine plucking is more common in low-elevation high-yield situations where volume matters more than premium quality. in sri lanka hand plucking predominates for quality production particularly in high-grown regions. some estates use selective mechanization for maintenance rounds while hand-plucking during quality seasons.
DIS_001,disease,Blister Blight - Most Severe Leaf Disease,"Blister blight caused by Exobasidium vexans is the most economically important leaf disease of tea in Sri Lanka, particularly devastating in high-elevation regions. The disease appears as circular blister-like swellings on young leaves, initially pale green then developing white powdery spore masses on the undersurface. Severe infections cause leaf distortion, defoliation, and significant yield loss. Favorable conditions include cool temperatures (15-20°C), high humidity, and continuous wet weather - conditions common in up country regions during monsoon periods. Infected leaves produce poor quality tea with off-flavors. Management includes resistant cultivars (TRI 2025, TRI 3019, TRI 4006, TRI 5001-5004), copper fungicide applications, and cultural practices promoting air circulation. Climate-smart cultivar selection is increasingly important as weather patterns shift.","['blister blight', 'Exobasidium vexans', 'leaf disease', 'fungal disease', 'up country']",,,882,116,7,5,blister blight caused by exobasidium vexans is the most economically important leaf disease of tea in sri lanka particularly devastating in high-elevation regions. the disease appears as circular blister-like swellings on young leaves initially pale green then developing white powdery spore masses on the undersurface. severe infections cause leaf distortion defoliation and significant yield loss. favorable conditions include cool temperatures 15-20 c high humidity and continuous wet weather - conditions common in up country regions during monsoon periods. infected leaves produce poor quality tea with off-flavors. management includes resistant cultivars tri 2025 tri 3019 tri 4006 tri 5001-5004 copper fungicide applications and cultural practices promoting air circulation. climate-smart cultivar selection is increasingly important as weather patterns shift.
DIS_002,disease,Root-Lesion Nematode in Tea,"Root-lesion nematode (Pratylenchus loosi) is a significant pest affecting tea productivity throughout Sri Lanka. These microscopic worms attack tea roots, causing lesions that impair nutrient and water uptake. Above-ground symptoms include stunted growth, yellowing leaves, poor recovery after pruning, and progressive decline. Nematode damage is often mistaken for nutrient deficiency or drought stress. Heavily infested fields may lose 20-40% of potential yield. The pest is particularly problematic in replanting situations where new plants are established in infested soil. Management options include tolerant cultivars (TRI 2025, TRI 4052, TRI 4053, TRI 5003), soil fumigation before replanting, and organic matter applications that encourage nematode-suppressing soil organisms. Nematode-free planting material is essential for new establishments.","['nematode', 'Pratylenchus loosi', 'root pest', 'yield loss', 'tolerant cultivars']",,,853,112,8,5,root-lesion nematode pratylenchus loosi is a significant pest affecting tea productivity throughout sri lanka. these microscopic worms attack tea roots causing lesions that impair nutrient and water uptake. above-ground symptoms include stunted growth yellowing leaves poor recovery after pruning and progressive decline. nematode damage is often mistaken for nutrient deficiency or drought stress. heavily infested fields may lose 20-40 of potential yield. the pest is particularly problematic in replanting situations where new plants are established in infested soil. management options include tolerant cultivars tri 2025 tri 4052 tri 4053 tri 5003 soil fumigation before replanting and organic matter applications that encourage nematode-suppressing soil organisms. nematode-free planting material is essential for new establishments.
DIS_003,disease,Shot Hole Borer Beetle,"Shot hole borer (Euwallacea fornicatus) is an ambrosia beetle that attacks tea stems, causing significant damage in Sri Lankan plantations. The beetle bores small circular holes into woody stems to cultivate fungal gardens that feed their larvae. This damage weakens branches, disrupts nutrient flow, and can cause dieback of affected sections. Heavy infestations kill entire bushes. Stressed plants are more susceptible - drought, poor nutrition, and heavy plucking increase vulnerability. Signs include small entry holes, sawdust accumulation, wilting of affected branches, and fungal staining of wood. Management includes removing and destroying affected branches, maintaining plant vigor, and using resistant cultivars. TRI 5001 shows notable resistance to shot hole borer, while TRI 5002-5004 are susceptible. Chemical control is difficult as beetles live inside stems.","['shot hole borer', 'Euwallacea fornicatus', 'stem pest', 'beetle', 'branch dieback']",,,874,123,9,5,shot hole borer euwallacea fornicatus is an ambrosia beetle that attacks tea stems causing significant damage in sri lankan plantations. the beetle bores small circular holes into woody stems to cultivate fungal gardens that feed their larvae. this damage weakens branches disrupts nutrient flow and can cause dieback of affected sections. heavy infestations kill entire bushes. stressed plants are more susceptible - drought poor nutrition and heavy plucking increase vulnerability. signs include small entry holes sawdust accumulation wilting of affected branches and fungal staining of wood. management includes removing and destroying affected branches maintaining plant vigor and using resistant cultivars. tri 5001 shows notable resistance to shot hole borer while tri 5002-5004 are susceptible. chemical control is difficult as beetles live inside stems.
DIS_004,disease,Red Spider Mite Damage,"Red spider mite (Oligonychus coffeae) causes significant foliar damage in tea, particularly during dry periods. These tiny arachnids feed on leaf undersurfaces, puncturing cells and extracting contents. Damage appears as bronze or reddish discoloration of upper leaf surfaces, with fine webbing visible underneath. Severe infestations cause defoliation and reduced photosynthesis, impacting both yield and quality. Hot, dry conditions favor mite population explosions - outbreaks often follow drought periods. Natural enemies including predatory mites help control populations in balanced ecosystems. Chemical control is sometimes necessary but risks disrupting beneficial organisms. Cultural practices including shade management, irrigation during drought, and avoiding excessive nitrogen fertilization help prevent outbreaks. Mite-damaged leaves should be excluded from harvest as they produce poor quality tea.","['red spider mite', 'Oligonychus coffeae', 'foliar pest', 'bronze discoloration', 'dry conditions']",,,913,118,9,5,red spider mite oligonychus coffeae causes significant foliar damage in tea particularly during dry periods. these tiny arachnids feed on leaf undersurfaces puncturing cells and extracting contents. damage appears as bronze or reddish discoloration of upper leaf surfaces with fine webbing visible underneath. severe infestations cause defoliation and reduced photosynthesis impacting both yield and quality. hot dry conditions favor mite population explosions - outbreaks often follow drought periods. natural enemies including predatory mites help control populations in balanced ecosystems. chemical control is sometimes necessary but risks disrupting beneficial organisms. cultural practices including shade management irrigation during drought and avoiding excessive nitrogen fertilization help prevent outbreaks. mite-damaged leaves should be excluded from harvest as they produce poor quality tea.
ECO_001,economics,Sri Lanka Tea Industry Statistics,"Sri Lanka is the fourth largest tea producer globally and second largest exporter of orthodox tea. The industry encompasses approximately 188,000 hectares of tea cultivation, producing around 298,000 tonnes annually. Tea accounts for approximately 15% of agricultural GDP and provides direct employment to over 1 million people, with indirect employment reaching 2 million. Sri Lanka holds approximately 19% of world tea export market share. The industry includes both large estates (plantations over 10 hectares) and smallholders (under 10 hectares). Smallholders now contribute over 75% of national production and often achieve higher per-hectare productivity than estates. The sector faces challenges including labor shortages, aging tea bushes, climate change impacts, and market price volatility. Diversification into value-added products and specialty teas is an ongoing strategic priority.","['industry statistics', 'exports', 'production', 'employment', 'smallholders']",,,896,124,8,5,sri lanka is the fourth largest tea producer globally and second largest exporter of orthodox tea. the industry encompasses approximately 188 000 hectares of tea cultivation producing around 298 000 tonnes annually. tea accounts for approximately 15 of agricultural gdp and provides direct employment to over 1 million people with indirect employment reaching 2 million. sri lanka holds approximately 19 of world tea export market share. the industry includes both large estates plantations over 10 hectares and smallholders under 10 hectares . smallholders now contribute over 75 of national production and often achieve higher per-hectare productivity than estates. the sector faces challenges including labor shortages aging tea bushes climate change impacts and market price volatility. diversification into value-added products and specialty teas is an ongoing strategic priority.
ECO_002,economics,Ceylon Tea Value and Pricing,"Ceylon tea consistently commands premium prices in global markets due to quality reputation and geographic indication protection. The Lion Logo trademark guarantees authentic Sri Lankan origin and quality standards. High-grown teas from Nuwara Eliya and Uva achieve the highest prices, particularly during quality seasons. Silver Tips sells for up to $1,500-2,000 per kilogram at auction. Premium BOPF from high-grown regions may reach $4-8 per kilogram compared to $2-3 for low-grown grades. Price is determined at the weekly Colombo Tea Auction, one of the world's largest tea auctions, where approximately 6 million kilograms trade weekly. Direct sales and private contracts increasingly bypass auction for specialty teas. Single-origin, estate-specific teas command premiums as consumers seek traceability and terroir character similar to wine appreciation.","['pricing', 'premium', 'Colombo auction', 'Lion Logo', 'value factors']",,,861,121,8,5,ceylon tea consistently commands premium prices in global markets due to quality reputation and geographic indication protection. the lion logo trademark guarantees authentic sri lankan origin and quality standards. high-grown teas from nuwara eliya and uva achieve the highest prices particularly during quality seasons. silver tips sells for up to 1 500-2 000 per kilogram at auction. premium bopf from high-grown regions may reach 4-8 per kilogram compared to 2-3 for low-grown grades. price is determined at the weekly colombo tea auction one of the world s largest tea auctions where approximately 6 million kilograms trade weekly. direct sales and private contracts increasingly bypass auction for specialty teas. single-origin estate-specific teas command premiums as consumers seek traceability and terroir character similar to wine appreciation.
ECO_003,economics,Tea Export Markets for Sri Lanka,"Sri Lankan tea exports reach over 150 countries, with major markets including Russia, Iran, Iraq, Turkey, UAE, and Syria. The Middle East and CIS countries together absorb over 50% of Ceylon tea exports. Japan and China represent growing markets for premium orthodox teas. Western markets including the UK, Germany, and USA value Ceylon tea for blending and increasingly for specialty single-origin products. Market preferences vary significantly - Middle Eastern consumers prefer strong teas, Japanese prefer lighter character, while Europeans value balanced profiles. Sri Lanka's orthodox production focus differentiates it from volume-oriented CTC producers in Kenya and India. Export promotion emphasizes quality, geographic indication, and health benefits. Challenges include competition from lower-priced origins and changing consumer preferences toward green tea and alternatives.","['exports', 'markets', 'Russia', 'Middle East', 'Japan', 'market preferences']",,,887,121,8,6,sri lankan tea exports reach over 150 countries with major markets including russia iran iraq turkey uae and syria. the middle east and cis countries together absorb over 50 of ceylon tea exports. japan and china represent growing markets for premium orthodox teas. western markets including the uk germany and usa value ceylon tea for blending and increasingly for specialty single-origin products. market preferences vary significantly - middle eastern consumers prefer strong teas japanese prefer lighter character while europeans value balanced profiles. sri lanka s orthodox production focus differentiates it from volume-oriented ctc producers in kenya and india. export promotion emphasizes quality geographic indication and health benefits. challenges include competition from lower-priced origins and changing consumer preferences toward green tea and alternatives.
SUS_001,sustainability,Sustainable Tea Production Practices,"Sustainable tea production has become increasingly important for market access and long-term viability. Key certification schemes include Rainforest Alliance, Fairtrade, UTZ, and organic certifications. These programs address environmental impacts including agrochemical use, water management, biodiversity conservation, and carbon footprint. Social sustainability encompasses fair wages, worker welfare, community development, and gender equity. Economic sustainability requires profitable pricing that supports quality investment. Sri Lankan estates increasingly adopt integrated pest management reducing chemical inputs. Shade trees provide habitat corridors and improve growing conditions. Soil conservation measures address erosion on steep terrain. Renewable energy adoption is increasing in tea factories. Consumer demand for sustainably produced tea creates market incentives supporting these practices.","['sustainability', 'certification', 'Rainforest Alliance', 'Fairtrade', 'organic', 'IPM']",,,911,108,10,6,sustainable tea production has become increasingly important for market access and long-term viability. key certification schemes include rainforest alliance fairtrade utz and organic certifications. these programs address environmental impacts including agrochemical use water management biodiversity conservation and carbon footprint. social sustainability encompasses fair wages worker welfare community development and gender equity. economic sustainability requires profitable pricing that supports quality investment. sri lankan estates increasingly adopt integrated pest management reducing chemical inputs. shade trees provide habitat corridors and improve growing conditions. soil conservation measures address erosion on steep terrain. renewable energy adoption is increasing in tea factories. consumer demand for sustainably produced tea creates market incentives supporting these practices.
SUS_002,sustainability,Climate Change Impact on Tea,"Climate change poses significant threats to tea cultivation in Sri Lanka through altered rainfall patterns, temperature increases, and more frequent extreme weather events. Traditional quality seasons may shift as monsoon timing changes. Higher temperatures increase pest and disease pressure while potentially reducing quality in some regions. Drought events impact yield and make plants vulnerable to secondary stresses. Intense rainfall causes soil erosion and waterlogging. High-elevation regions may initially benefit from warming but face long-term uncertainty. Adaptation strategies include drought-tolerant cultivars, shade tree establishment, soil conservation, improved irrigation, and pest monitoring systems. Research focuses on understanding climate impacts and developing resilient production systems. The industry must balance short-term productivity with long-term climate adaptation.","['climate change', 'adaptation', 'drought', 'rainfall patterns', 'sustainability']",,,900,112,9,5,climate change poses significant threats to tea cultivation in sri lanka through altered rainfall patterns temperature increases and more frequent extreme weather events. traditional quality seasons may shift as monsoon timing changes. higher temperatures increase pest and disease pressure while potentially reducing quality in some regions. drought events impact yield and make plants vulnerable to secondary stresses. intense rainfall causes soil erosion and waterlogging. high-elevation regions may initially benefit from warming but face long-term uncertainty. adaptation strategies include drought-tolerant cultivars shade tree establishment soil conservation improved irrigation and pest monitoring systems. research focuses on understanding climate impacts and developing resilient production systems. the industry must balance short-term productivity with long-term climate adaptation.
QUA_001,quality,Tea Quality Assessment Methods,"Professional tea quality assessment involves systematic evaluation of dry leaf appearance, infused leaf, and liquor characteristics. Dry leaf is assessed for color uniformity, tip content, particle size consistency, and absence of fiber or foreign matter. The standard tasting protocol uses 2.86 grams of tea infused in 140ml boiling water for exactly 5 minutes. Liquor evaluation covers color, brightness, strength, briskness, body, and quality. Infused leaf assessment reveals processing quality and plucking standard. Professional tasters develop vocabularies including hundreds of descriptive terms. Quality factors are graded numerically for auction cataloguing. Cup quality, combined with leaf appearance, determines price. Geographic origin, season, and elevation influence expected character. The AI grading system aims to automate initial quality sorting, reserving human expertise for final quality determination.","['quality assessment', 'tea tasting', 'evaluation', 'cup quality', 'professional tasting']",,,923,122,10,5,professional tea quality assessment involves systematic evaluation of dry leaf appearance infused leaf and liquor characteristics. dry leaf is assessed for color uniformity tip content particle size consistency and absence of fiber or foreign matter. the standard tasting protocol uses 2.86 grams of tea infused in 140ml boiling water for exactly 5 minutes. liquor evaluation covers color brightness strength briskness body and quality. infused leaf assessment reveals processing quality and plucking standard. professional tasters develop vocabularies including hundreds of descriptive terms. quality factors are graded numerically for auction cataloguing. cup quality combined with leaf appearance determines price. geographic origin season and elevation influence expected character. the ai grading system aims to automate initial quality sorting reserving human expertise for final quality determination.
QUA_002,quality,Factors Affecting Tea Quality,"Tea quality results from complex interactions among genetic, environmental, and processing factors. Cultivar determines baseline potential for quality attributes. Elevation profoundly affects quality - higher elevations produce more complex, delicate teas due to slower growth and cooler temperatures. Season influences quality with dry periods generally producing better teas than wet seasons. Plucking standard is critical - fine plucking yields superior tea while coarse plucking produces poor quality regardless of other factors. Soil nutrition affects plant health and leaf composition. Processing skill transforms raw material into finished tea - withering, rolling, oxidation, and drying must each be optimized. Storage conditions preserve or degrade quality over time. From bush to cup, every stage offers opportunities to enhance or diminish quality. Consistent quality requires control across this entire chain.","['quality factors', 'elevation', 'plucking', 'processing', 'cultivar', 'season']",,,921,126,10,6,tea quality results from complex interactions among genetic environmental and processing factors. cultivar determines baseline potential for quality attributes. elevation profoundly affects quality - higher elevations produce more complex delicate teas due to slower growth and cooler temperatures. season influences quality with dry periods generally producing better teas than wet seasons. plucking standard is critical - fine plucking yields superior tea while coarse plucking produces poor quality regardless of other factors. soil nutrition affects plant health and leaf composition. processing skill transforms raw material into finished tea - withering rolling oxidation and drying must each be optimized. storage conditions preserve or degrade quality over time. from bush to cup every stage offers opportunities to enhance or diminish quality. consistent quality requires control across this entire chain.
AI_001,ai_grading,AI Tea Leaf Quality Grading System,"The AI-driven tea leaf quality grading system developed for Project 25-26J-133 uses computer vision and machine learning to classify tea shoots into five quality categories. Fresh_Bud_1 (score: 10) represents premium quality with intact bud and 1-2 tender leaves. Fresh_Bud_2 (score: 8) indicates good quality with 2-3 leaves and bud. Coarse_Pluck (score: 0) identifies reject material with 3+ mature leaves. Old_Leaf (score: 0) detects overmature, yellowing leaves. Damaged_Leaf (score: 0) recognizes physical damage, pest holes, or disease symptoms. The classification follows TRI plucking standards and uses a priority-based decision hierarchy: damage is checked first, then age indicators, maturity, and finally freshness. This system aims to provide objective, consistent grading at scale while reducing reliance on human assessment variability.","['AI grading', 'computer vision', 'classification', 'quality scoring', 'machine learning']",,,850,117,8,5,the ai-driven tea leaf quality grading system developed for project 25-26j-133 uses computer vision and machine learning to classify tea shoots into five quality categories. fresh bud 1 score 10 represents premium quality with intact bud and 1-2 tender leaves. fresh bud 2 score 8 indicates good quality with 2-3 leaves and bud. coarse pluck score 0 identifies reject material with 3 mature leaves. old leaf score 0 detects overmature yellowing leaves. damaged leaf score 0 recognizes physical damage pest holes or disease symptoms. the classification follows tri plucking standards and uses a priority-based decision hierarchy damage is checked first then age indicators maturity and finally freshness. this system aims to provide objective consistent grading at scale while reducing reliance on human assessment variability.
AI_002,ai_grading,Visual Characteristics for AI Classification,"The AI grading system uses specific visual characteristics to classify tea shoots. Fresh_Bud_1 features visible unopened or slightly opened bud, light green color indicating freshness, soft pliable texture, and no damage or discoloration. Fresh_Bud_2 shows bud present but more open, 2-3 leaves attached, medium green color, and generally soft texture with minor imperfections acceptable. Coarse_Pluck displays no visible bud or very old bud, large mature leaves, dark green color, and thick woody stems. Old_Leaf exhibits yellowing or very dark coloration, stiff hardened texture, no bud present, and leathery appearance. Damaged_Leaf shows visible pest holes, brown or black disease spots, mechanical damage or tears, bruising or discoloration, and possibly fungal growth. These visual markers align with TRI quality assessment criteria and enable automated grading consistent with human expert evaluation.","['visual characteristics', 'classification markers', 'AI detection', 'quality indicators']",,,908,128,7,4,the ai grading system uses specific visual characteristics to classify tea shoots. fresh bud 1 features visible unopened or slightly opened bud light green color indicating freshness soft pliable texture and no damage or discoloration. fresh bud 2 shows bud present but more open 2-3 leaves attached medium green color and generally soft texture with minor imperfections acceptable. coarse pluck displays no visible bud or very old bud large mature leaves dark green color and thick woody stems. old leaf exhibits yellowing or very dark coloration stiff hardened texture no bud present and leathery appearance. damaged leaf shows visible pest holes brown or black disease spots mechanical damage or tears bruising or discoloration and possibly fungal growth. these visual markers align with tri quality assessment criteria and enable automated grading consistent with human expert evaluation.
AI_003,ai_grading,Quality Scoring and Batch Assessment,"The AI quality scoring system assigns numerical values enabling quantitative quality assessment. Premium leaves (Fresh_Bud_1) score 10 points, good quality (Fresh_Bud_2) scores 8 points, while reject categories (Coarse_Pluck, Old_Leaf, Damaged_Leaf) score 0 points. Batch quality is calculated as the weighted average: sum of individual scores divided by total leaves, multiplied by 10 for a 0-100 scale. For example, a batch of 10 leaves with 3 Fresh_Bud_1, 4 Fresh_Bud_2, and 3 Coarse_Pluck yields: (3×10 + 4×8 + 3×0)/10 × 10 = 62 points. Quality grades based on score ranges: A (80-100) Premium, B (60-80) Good, C (40-60) Standard, D (20-40) Below Standard, F (0-20) Reject. This quantitative approach enables consistent quality tracking and process optimization.","['quality scoring', 'batch assessment', 'numerical grading', 'quality grades', 'calculation']",,,766,114,6,5,the ai quality scoring system assigns numerical values enabling quantitative quality assessment. premium leaves fresh bud 1 score 10 points good quality fresh bud 2 scores 8 points while reject categories coarse pluck old leaf damaged leaf score 0 points. batch quality is calculated as the weighted average sum of individual scores divided by total leaves multiplied by 10 for a 0-100 scale. for example a batch of 10 leaves with 3 fresh bud 1 4 fresh bud 2 and 3 coarse pluck yields 3 10 4 8 3 0 10 10 62 points. quality grades based on score ranges a 80-100 premium b 60-80 good c 40-60 standard d 20-40 below standard f 0-20 reject. this quantitative approach enables consistent quality tracking and process optimization.
HIS_001,history,Origins of Ceylon Tea Industry,"The Ceylon tea industry emerged from the ashes of coffee cultivation following the devastating coffee rust epidemic (Hemileia vastatrix) in the 1860s-1880s that destroyed the island's coffee plantations. Scottish planter James Taylor established the first commercial tea plantation at Loolecondera Estate in Kandy district in 1867, planting seeds from Assam, India. Taylor's experimental plot of 19 acres expanded rapidly as coffee estates converted to tea. By 1872, Taylor had built his first tea factory using Chinese processing methods adapted to local conditions. The first shipment of Ceylon tea reached London in 1873. Thomas Lipton's investment in the 1890s helped popularize Ceylon tea globally. By 1900, tea had completely replaced coffee as Ceylon's primary agricultural export. The industry's rapid development was facilitated by existing plantation infrastructure, labor force, and transportation networks established during the coffee era.","['history', 'James Taylor', 'Loolecondera', 'coffee blight', 'origins', '1867']",,,952,135,8,6,the ceylon tea industry emerged from the ashes of coffee cultivation following the devastating coffee rust epidemic hemileia vastatrix in the 1860s-1880s that destroyed the island s coffee plantations. scottish planter james taylor established the first commercial tea plantation at loolecondera estate in kandy district in 1867 planting seeds from assam india. taylor s experimental plot of 19 acres expanded rapidly as coffee estates converted to tea. by 1872 taylor had built his first tea factory using chinese processing methods adapted to local conditions. the first shipment of ceylon tea reached london in 1873. thomas lipton s investment in the 1890s helped popularize ceylon tea globally. by 1900 tea had completely replaced coffee as ceylon s primary agricultural export. the industry s rapid development was facilitated by existing plantation infrastructure labor force and transportation networks established during the coffee era.
HIS_002,history,Evolution of Ceylon Tea Processing,"Tea processing in Ceylon evolved from crude manual methods to sophisticated mechanized operations. James Taylor's early techniques adapted Chinese methods with local innovations. The introduction of the Sirocco dryer in 1877 revolutionized drying operations. Rolling machines replaced hand-rolling in the 1880s, enabling larger scale production. British engineer W. Jackson invented the roller specifically for Ceylon conditions. Withering troughs with fan systems replaced natural withering, providing consistent results regardless of weather. The orthodox processing method was standardized during this period, becoming Ceylon's signature approach. While CTC processing was adopted elsewhere in the 20th century, Sri Lanka maintained orthodox focus, preserving traditional quality character. Modern factories combine historical knowledge with contemporary technology including automated fermentation monitoring and computer-controlled drying. This evolution balanced efficiency gains with quality preservation.","['processing history', 'Sirocco dryer', 'mechanization', 'orthodox method', 'factory evolution']",,,1012,125,10,5,tea processing in ceylon evolved from crude manual methods to sophisticated mechanized operations. james taylor s early techniques adapted chinese methods with local innovations. the introduction of the sirocco dryer in 1877 revolutionized drying operations. rolling machines replaced hand-rolling in the 1880s enabling larger scale production. british engineer w. jackson invented the roller specifically for ceylon conditions. withering troughs with fan systems replaced natural withering providing consistent results regardless of weather. the orthodox processing method was standardized during this period becoming ceylon s signature approach. while ctc processing was adopted elsewhere in the 20th century sri lanka maintained orthodox focus preserving traditional quality character. modern factories combine historical knowledge with contemporary technology including automated fermentation monitoring and computer-controlled drying. this evolution balanced efficiency gains with quality preservation.
TRA_001,trade,Colombo Tea Auction,"The Colombo Tea Auction is one of the world's largest and most important tea trading centers, handling approximately 6 million kilograms weekly. Established in 1883 during the colonial era, the auction operates every Tuesday at the Ceylon Chamber of Commerce. Sellers present samples catalogued by estate, grade, and quality descriptors. Licensed brokers conduct tasting sessions before auction day. Bidding is rapid - experienced buyers make split-second decisions based on sample quality and market intelligence. Prices established at Colombo influence global tea markets. The auction system provides price discovery, market access for producers of all sizes, and quality-based competition. Digital innovations are modernizing auction processes while maintaining the fundamental price discovery function. Approximately 60% of Sri Lankan tea trades through auction, with remainder sold through private contracts and direct export arrangements.","['Colombo auction', 'tea trading', 'price discovery', 'brokers', 'auction system']",,,944,130,9,5,the colombo tea auction is one of the world s largest and most important tea trading centers handling approximately 6 million kilograms weekly. established in 1883 during the colonial era the auction operates every tuesday at the ceylon chamber of commerce. sellers present samples catalogued by estate grade and quality descriptors. licensed brokers conduct tasting sessions before auction day. bidding is rapid - experienced buyers make split-second decisions based on sample quality and market intelligence. prices established at colombo influence global tea markets. the auction system provides price discovery market access for producers of all sizes and quality-based competition. digital innovations are modernizing auction processes while maintaining the fundamental price discovery function. approximately 60 of sri lankan tea trades through auction with remainder sold through private contracts and direct export arrangements.
TRA_002,trade,Ceylon Tea Trademarks and Certification,"The Ceylon Tea Trademark featuring the Lion Logo is one of the world's oldest tea certification marks, owned and administered by the Sri Lanka Tea Board. This trademark guarantees that tea originates from Sri Lanka, was processed in Sri Lanka, and meets minimum quality standards. The Lion Logo symbol features a lion holding a sword within a distinctive shape. Licensed packers must meet strict criteria including quality control systems, proper storage facilities, and compliance with food safety standards. The trademark helps combat counterfeit products and protects Ceylon tea's premium reputation. Additional geographic indicators specify regional origin - Nuwara Eliya, Uva, Dimbula, Kandy, Ruhuna - for single-origin marketing. Fair Trade, Rainforest Alliance, and organic certifications provide additional assurance for consumers seeking sustainably produced tea. These trademarks and certifications create trust and justify premium pricing.","['Lion Logo', 'trademark', 'certification', 'Sri Lanka Tea Board', 'authentication']",,,950,133,8,5,the ceylon tea trademark featuring the lion logo is one of the world s oldest tea certification marks owned and administered by the sri lanka tea board. this trademark guarantees that tea originates from sri lanka was processed in sri lanka and meets minimum quality standards. the lion logo symbol features a lion holding a sword within a distinctive shape. licensed packers must meet strict criteria including quality control systems proper storage facilities and compliance with food safety standards. the trademark helps combat counterfeit products and protects ceylon tea s premium reputation. additional geographic indicators specify regional origin - nuwara eliya uva dimbula kandy ruhuna - for single-origin marketing. fair trade rainforest alliance and organic certifications provide additional assurance for consumers seeking sustainably produced tea. these trademarks and certifications create trust and justify premium pricing.
SLTEA_001,cultivar,View All Publications,"ශ්රී ලංකා තේ පර්යේෂණ ආයතනය இலங்கை தேயிலை ஆராய்ச்சி நிறுவனம் tea research institute of sri lanka Search Home About TRI History Tea Research Board Senior Management Regional Centers Low country Regional Centre Mid country Regional Centre Uva Extension Centre Galle Extension Centre Deniyaya Extension Centre Kalutara Extension Centre TRI Estates St. Coombs St. Joachim Our Staff Organization Structure Employee Grievance Committee Site Map TRI MIS Login Research & Development Priority Research Areas Research Divisions Agriculture Economics Agronomy Entomology and Nematology Plant Breeding Plant Physiology Plant Pathology Soils and Plant Nutrition Biochemistry Process Technology Trending News Microbial Processing Plant Mobile Laboratory Facility Motorized Selective Tea Harvester Technology Dissemination TTO Extension Events Recommendations Divisions / Units Advisory and Extension Publications and Publicity Publications & Videos Publications and Videos How to Purchase Our Publications Publications Time Line Brainstorming Sessions Session No. 2 Session No. 1 NST 2023 Services Analytical Services Centenary 2025 InTSym100 SLJTS Notices Vacancies * Training Placements Training Programs Registration of Suppliers Tenders * Call for EOI RTI Contact Us View All Publications TRI Advisory Circulars TRI Guidelines Journal & Other Periodicals Monographs Books Annual Reports Posters / Wallcharts Others Publications This page will be available soon. This page will be available soon. This page will be available soon. This page will be available soon. This page will be available soon. Privacy Notice Disclaimer Notice Total Visit : 25615 Last Updated on : August 19th, 2020 Solution by LankaCom Follow via Facebook Follow via Linkedin Follow via Youtube Follow via Google Mail to","['TRI', 'web source', 'cultivar', 'region', 'processing']",Tea Research Institute of Sri Lanka (TRI),SLTEA-001,1782,251,8,5,tea research institute of sri lanka search home about tri history tea research board senior management regional centers low country regional centre mid country regional centre uva extension centre galle extension centre deniyaya extension centre kalutara extension centre tri estates st. coombs st. joachim our staff organization structure employee grievance committee site map tri mis login research development priority research areas research divisions agriculture economics agronomy entomology and nematology plant breeding plant physiology plant pathology soils and plant nutrition biochemistry process technology trending news microbial processing plant mobile laboratory facility motorized selective tea harvester technology dissemination tto extension events recommendations divisions units advisory and extension publications and publicity publications videos publications and videos how to purchase our publications publications time line brainstorming sessions session no. 2 session no. 1 nst 2023 services analytical services centenary 2025 intsym100 sljts notices vacancies training placements training programs registration of suppliers tenders call for eoi rti contact us view all publications tri advisory circulars tri guidelines journal other periodicals monographs books annual reports posters wallcharts others publications this page will be available soon. this page will be available soon. this page will be available soon. this page will be available soon. this page will be available soon. privacy notice disclaimer notice total visit 25615 last updated on august 19th 2020 solution by lankacom follow via facebook follow via linkedin follow via youtube follow via google mail to
SLTEA_002,disease_pest,Pesticide Use (TRI circular / guidance; repository PDF) (Part 1),"TRI - ADVISORY CIRCULARS PESTICIDE USE Issued in: June 2012 Serial No.: 01/12 PESTICIDE USE IN TEA FIELDS (This Circular supersedes Advisory Circular No. PU1, Serial No. 03/08, issued in November 2008) 1. Introduction Diseases, insect, mite and nematode pests, and weeds occur in tea, in different stages of the crop, and at different times of the year. The integrated management approach consists of various agronomic, cultural, biological and chemical strategies to manage pests in a rational and environmental friendly manner. Rational use of fungicides, insecticides, acaricides, nematicides and weedicides is a part of integrated management of diseases, insects, mites, nematodes and weeds respectively. It is necessary to strengthen biological systems and improve cultural practices in order to promote the build-up of tolerance in plant and biological-control organisms in the environment, and to prevent the introduction and dissemination of pests, diseases and weeds in tea fields. As tea is a food commodity for human consumption, there is a growing concern among health-conscious consumers on pesticide residues that may be present in tea. It is advisable to use pesticides in tea fields carefully, in order to minimize the residues in made tea, effects on workers and non-target organisms in the eco-system. Moreover, the cost-effectiveness and the social acceptance of pesticide usage also have to be considered for the sustainability of the tea industry. The chemicals and their use in tea are subjected to change periodically to meet the requirements of consumers, cost-effectiveness, social and environmental acceptance, etc. It is necessary to maintain pesticide residues in made tea at levels below the Maximum Residue Limits (MRLs) set for different pesticides by different countries. When pesticides are applied to tea foliage, it is advisable to; adhere to specific Pre-Harvest Intervals (PHI), and bulk green leaf from the sprayed and unsprayed fields or made","['TRI', 'n.d. (TRI repository posting indicates ~2014)', 'official document', 'disease/pests', 'quality', 'trade']",Tea Research Institute of Sri Lanka (TRI),SLTEA-005,1981,300,14,6,tri - advisory circulars pesticide use issued in june 2012 serial no. 01 12 pesticide use in tea fields this circular supersedes advisory circular no. pu1 serial no. 03 08 issued in november 2008 1. introduction diseases insect mite and nematode pests and weeds occur in tea in different stages of the crop and at different times of the year. the integrated management approach consists of various agronomic cultural biological and chemical strategies to manage pests in a rational and environmental friendly manner. rational use of fungicides insecticides acaricides nematicides and weedicides is a part of integrated management of diseases insects mites nematodes and weeds respectively. it is necessary to strengthen biological systems and improve cultural practices in order to promote the build-up of tolerance in plant and biological-control organisms in the environment and to prevent the introduction and dissemination of pests diseases and weeds in tea fields. as tea is a food commodity for human consumption there is a growing concern among health-conscious consumers on pesticide residues that may be present in tea. it is advisable to use pesticides in tea fields carefully in order to minimize the residues in made tea effects on workers and non-target organisms in the eco-system. moreover the cost-effectiveness and the social acceptance of pesticide usage also have to be considered for the sustainability of the tea industry. the chemicals and their use in tea are subjected to change periodically to meet the requirements of consumers cost-effectiveness social and environmental acceptance etc. it is necessary to maintain pesticide residues in made tea at levels below the maximum residue limits mrls set for different pesticides by different countries. when pesticides are applied to tea foliage it is advisable to adhere to specific pre-harvest intervals phi and bulk green leaf from the sprayed and unsprayed fields or made
SLTEA_003,disease_pest,Pesticide Use (TRI circular / guidance; repository PDF) (Part 2),"tea at a ratio of 1:10. This would minimize the pesticide residues in the made tea. 2. List of Recommended Pesticides The active substances recommended for control of diseases, insects, mites and nematode pests and weeds in tea plantations by the Tea Research Institute of Sri Lanka, as at October, 2011 and respective MRLs of Japan and EU countries are given in the Table 1. Growers are advised to use only the chemicals listed in Table 1 as per TRI recommendations given in Advisory Circulars PU 2, PU 3 and PU 4. Table 1. List of recommended pesticides by the Tea Research Institute of Sri Lanka Common name Type MRLfor made tea (ppm) TRI Advisory No. (active ingredient) Type Japan EU Circular No. 1 Bitertanol F 0.10 0.10 PU2 2 Copper hydroxide F Exempted 40 (as Cu) PU2 3 Copper oxide F Exempted 40 (as Cu) PU2 4 Copper oxychloride F Exempted 40 (as Cu) PU2 5 Hexaconazole F 0.05 0.05 PU2 6 Propiconazole F 0.10 0.10 PU2 7 Tebuconazole F 30.00 0.05 PU2 8 Carbofuran I & N 0.20 0.05 PU4 9 Chlorfluazuron I 10.00 0.01 PU4 10 Diazinon I 0.10 0.02 PU4 11 Fipronil I - 0.005 PU4 12 Imidacloprid I 10.00 0.05 PU4 13 Sulfur A Exempted Exempted PU4 14 Dazomet N 0.10 0.02 PU4 15 Metam Sodium N 0.10 0.02 PU4 16 2,4-D W 0.01 0.10 PU3 17 Diuron W 1.00 0.10 PU3 18 Glufosinate-ammonium W 0.50 0.10 PU3 19 Glyphosate W 1.00 2.00 PU3 20 MCPA W 0.01 0.10 PU3 21 Oxyfluorfen W 0.01 0.05 PU3 22 Paraquat w 0.30 0.05 PU3 F - Fungicide; I - Insecticide; A-Acaricide; N - Nematicide; W- Weedicide ©Tea Research Institute of Sri Lanka COPYRIGHT All rights reserved. No part of this publication may be reproduced or transmitted in","['TRI', 'n.d. (TRI repository posting indicates ~2014)', 'official document', 'disease/pests', 'quality', 'trade']",Tea Research Institute of Sri Lanka (TRI),SLTEA-005,1615,300,10,6,tea at a ratio of 1 10. this would minimize the pesticide residues in the made tea. 2. list of recommended pesticides the active substances recommended for control of diseases insects mites and nematode pests and weeds in tea plantations by the tea research institute of sri lanka as at october 2011 and respective mrls of japan and eu countries are given in the table 1. growers are advised to use only the chemicals listed in table 1 as per tri recommendations given in advisory circulars pu 2 pu 3 and pu 4. table 1. list of recommended pesticides by the tea research institute of sri lanka common name type mrlfor made tea ppm tri advisory no. active ingredient type japan eu circular no. 1 bitertanol f 0.10 0.10 pu2 2 copper hydroxide f exempted 40 as cu pu2 3 copper oxide f exempted 40 as cu pu2 4 copper oxychloride f exempted 40 as cu pu2 5 hexaconazole f 0.05 0.05 pu2 6 propiconazole f 0.10 0.10 pu2 7 tebuconazole f 30.00 0.05 pu2 8 carbofuran i n 0.20 0.05 pu4 9 chlorfluazuron i 10.00 0.01 pu4 10 diazinon i 0.10 0.02 pu4 11 fipronil i - 0.005 pu4 12 imidacloprid i 10.00 0.05 pu4 13 sulfur a exempted exempted pu4 14 dazomet n 0.10 0.02 pu4 15 metam sodium n 0.10 0.02 pu4 16 2 4-d w 0.01 0.10 pu3 17 diuron w 1.00 0.10 pu3 18 glufosinate-ammonium w 0.50 0.10 pu3 19 glyphosate w 1.00 2.00 pu3 20 mcpa w 0.01 0.10 pu3 21 oxyfluorfen w 0.01 0.05 pu3 22 paraquat w 0.30 0.05 pu3 f - fungicide i - insecticide a-acaricide n - nematicide w- weedicide tea research institute of sri lanka copyright all rights reserved. no part of this publication may be reproduced or transmitted in
SLTEA_004,disease_pest,Pesticide Use (TRI circular / guidance; repository PDF) (Part 3),"any form or by any means, electronic or mechanical, including photocopying, recording or information storage and retrieval, without permission in writing from the Director, Tea Research Institute of Sri Lanka.","['TRI', 'n.d. (TRI repository posting indicates ~2014)', 'official document', 'disease/pests', 'quality', 'trade']",Tea Research Institute of Sri Lanka (TRI),SLTEA-005,209,30,1,6,any form or by any means electronic or mechanical including photocopying recording or information storage and retrieval without permission in writing from the director tea research institute of sri lanka.
SLTEA_005,production,Guidelines for Establishment of Tea to Facilitate Mechanization (TRISL Guideline 03/2019) (Part 1),"Page 1 of 2 TEA RESEARCH INSTITUTE OF SRI LANKA Issued In: December 2019 Guideline No: 03/2019 GUIDELINES FOR ESTABLISHMENT OF TEA TO FACILITATE MECHANIZATION OF FIELD OPERATIONS Introduction Tea is a labour-intensive plantation crop; hence, the labour requirement and cost are heavy. It has become necessary to introduce mechanization to tea plantations since the tea sector is presently facing acute worker shortage. Mechanization in agriculture is the use of machine to accomplish a task or operation involved in agricultural production. Key objectives of mechanization are to increase worker productivity, reduc e cost of production, improv e product quality, eas e manual operations, complete tasks timely and change worker attitudes. Tea planting system facilitating mechanization of field operations Mechanization of field operations requires adequate space for worker and machine mobility, dense canopy architecture and absence of obstacles such as shade trees in the path of machine operation. The conventional system of single-row planting at a spacing of 0.6 m x 1.2 m (2 feet X 4 feet) limits the use and efficiency of machines. The double hedge -row planting system commonly practiced in some other tea growing countries such as Japan and China paves the way for mechanizing most of the labour - intensive field operations such as harvesting successfully. Therefore, hedge -row planting system having a spacing of 0.6 m x 0.6 m x 1.5 m (2 feet X 2 feet X 5 feet: Figure 1) is considered amenable to facilitate mechanization of post -planting tea field operations in Sri Lanka. However, the other special considerations that require greater attention are as follows;  As considerable space of land between two hedge-rows is exposed to rain thus soil erosion, this planting system is more suitable for flat and undulating lands. Moreover, particular attention should be paid to cover such","['TRI', '2019', 'official document', 'production', 'sustainability', 'economics']",Tea Research Institute of Sri Lanka (TRI),SLTEA-006,1900,300,10,6,page 1 of 2 tea research institute of sri lanka issued in december 2019 guideline no 03 2019 guidelines for establishment of tea to facilitate mechanization of field operations introduction tea is a labour-intensive plantation crop hence the labour requirement and cost are heavy. it has become necessary to introduce mechanization to tea plantations since the tea sector is presently facing acute worker shortage. mechanization in agriculture is the use of machine to accomplish a task or operation involved in agricultural production. key objectives of mechanization are to increase worker productivity reduc e cost of production improv e product quality eas e manual operations complete tasks timely and change worker attitudes. tea planting system facilitating mechanization of field operations mechanization of field operations requires adequate space for worker and machine mobility dense canopy architecture and absence of obstacles such as shade trees in the path of machine operation. the conventional system of single-row planting at a spacing of 0.6 m x 1.2 m 2 feet x 4 feet limits the use and efficiency of machines. the double hedge -row planting system commonly practiced in some other tea growing countries such as japan and china paves the way for mechanizing most of the labour - intensive field operations such as harvesting successfully. therefore hedge -row planting system having a spacing of 0.6 m x 0.6 m x 1.5 m 2 feet x 2 feet x 5 feet figure 1 is considered amenable to facilitate mechanization of post -planting tea field operations in sri lanka. however the other special considerations that require greater attention are as follows as considerable space of land between two hedge-rows is exposed to rain thus soil erosion this planting system is more suitable for flat and undulating lands. moreover particular attention should be paid to cover such
SLTEA_006,production,Guidelines for Establishment of Tea to Facilitate Mechanization (TRISL Guideline 03/2019) (Part 2),"areas by mulching and planting of co ver crops during early stages of establishment to minimize soil losses and weed growth.  Due to high planting density (theoretical density is 15,370 plants per hectare which is a bout 14% more than the theoretical plant density of conventional system: 13,450 plants per hectare), competition for moisture during dry weather may lead to poor plant growth and drought casualties. Therefore, unfertile lands, Page 2 of 2 soils with poor moisture retention capacity and drought prone areas are best avoided in hedge-row planting unless they are provided with irrigation facilities. Furthermore, use of hardy tea cultivars with an erect-growth habit recommended for the agro-climatic regions will minimize such disadvantages.  Rate of fertilizer application need s to be increased in par with number of plants per ha (high plant density).  Training of the hedge-row to form a slightly curved plucking surface with the use of appropriate pruning machines will facilitate use of pruning/harvesting machines with dome-shaped blades. Figure 1. A schematic diagram of double hedge-row planting arrangement in the field (0.6m x 0.6m x 1.5m) Tea Research Institute of Sri Lanka Talawakelle Copyright All rights reserved. No part of this publication may be reproduced or transmitted in any form or by any means, electronic or mechanical, including photocopying, recording, scanning or information storage and retrieval system without the prior written permission from the Director, Tea Research Institute of Sri Lanka, Talawakelle","['TRI', '2019', 'official document', 'production', 'sustainability', 'economics']",Tea Research Institute of Sri Lanka (TRI),SLTEA-006,1557,239,9,6,areas by mulching and planting of co ver crops during early stages of establishment to minimize soil losses and weed growth. due to high planting density theoretical density is 15 370 plants per hectare which is a bout 14 more than the theoretical plant density of conventional system 13 450 plants per hectare competition for moisture during dry weather may lead to poor plant growth and drought casualties. therefore unfertile lands page 2 of 2 soils with poor moisture retention capacity and drought prone areas are best avoided in hedge-row planting unless they are provided with irrigation facilities. furthermore use of hardy tea cultivars with an erect-growth habit recommended for the agro-climatic regions will minimize such disadvantages. rate of fertilizer application need s to be increased in par with number of plants per ha high plant density . training of the hedge-row to form a slightly curved plucking surface with the use of appropriate pruning machines will facilitate use of pruning harvesting machines with dome-shaped blades. figure 1. a schematic diagram of double hedge-row planting arrangement in the field 0.6m x 0.6m x 1.5m tea research institute of sri lanka talawakelle copyright all rights reserved. no part of this publication may be reproduced or transmitted in any form or by any means electronic or mechanical including photocopying recording scanning or information storage and retrieval system without the prior written permission from the director tea research institute of sri lanka talawakelle
SLTEA_007,economics,Tea Statistics,Tea Statistics Category Select Type Production Volume According to ProcessProduction Volume According to ElevationSales Volume DirectSub District PriceReexportExport Year/Month Select Year,"['SLTB', 'web source', 'economics', 'trade', 'region']",Sri Lanka Tea Board (SLTB),SLTEA-008,188,21,1,5,tea statistics category select type production volume according to processproduction volume according to elevationsales volume directsub district pricereexportexport year month select year
SLTEA_008,economics,Monthly Tea Statistics – June 2022 (example in SLTB monthly series) (Part 1),"1 Monthly Tea Statistics – June 2022 1. TEA PRODUCTION Cumulative tea production for the period June 2022 shows an increase of 16% against last year. June January to June Elevation 2022 2021 2022 2021 Kg. Kg. Kg Kg High Grown 4,055,137 5,930,981 31,276,567 36,617,309 Medium Grown 2,966,624 4,521,521 22,166,986 28,060,116 Low Grown 13,127,004 15,615,515 79,483,012 97,036,814 Total 20,148,765 26,068,017 132,926,564 161,714,239 Tea Production (Category wise) June January to June Category 2022 2021 2022 2021 Kg Kg Kg Kg Orthodox(Including Bio, Reclaimed) 18,490,247 23,727,163 120,401,022 146,426,088 CTC 1,526,634 2,086,701 11,658,633 14,039,887 Green 131,884 254,153 866,908 1,248,264 Total 20,148,765 26,068,017 132,926,564 161,714,239 The above production figures are excluding instant tea and details of the instant tea is as follows. Year June End June 2022 234,164 1,344,711 2021 367,495 1,793,223 2. SALES DATA Sales at Auction End June 2022(All inclusive) Elevation Qty Kg Gross Unit Price (Rs./Kg.) High Grown 31,017,910 895.93 Medium Grown 23,274,162 869.43 Low Grown 80,267,433 1,126.38 All Sales 134,559,504 1,028.81 Source: SLTB Sales Report 2 3. Exports June 2022 Category Qty Kg Value RS FOB Rs/kg Export Black Bags 1,660,335 5,209,004,081 3,137 Bulk 10,094,104 15,308,865,645 1,517 Packets (1Kg-3Kg) 305,720 532,309,213 1,741 Packets (3Kg-5Kg) 867,571 1,408,125,034 1,623 Packets (4g-1Kg) 7,002,072 12,395,240,818 1,770 Packets (5Kg-10Kg) 2,370,250 3,264,344,300 1,377 Black Total 22,300,051 38,117,889,091 1,709 Green Bags 76,208 487,997,823 6,403 Bulk 33,511 62,615,658 1,869 Packets (1Kg-3Kg) 1,455 4,491,679 3,087 Packets (4g-1Kg) 82,339 259,213,904 3,148 Packets (5Kg-10Kg) 14,837 13,721,415 925 Green Total 208,350 828,040,479 3,974 Instant Packets (>3Kg) 204,398 586,420,342 2,869 Instant Total 204,398 586,420,342 2,869 Export Total 22,712,799 39,532,349,912 1,741 Re Export Black Bags 326,833 896,985,745 2,744 Bulk 76,234 110,555,619 1,450 Packets (4g-1Kg) 158,468 351,681,512 2,219 Packets (5Kg-10Kg) 4,950 7,298,430 1,474 Black Total 566,486 1,366,521,306 2,412 Green Bags 121,469 743,810,069 6,123 Bulk 25,153 45,172,520 1,796 Packets (4g-1Kg) 123,470 224,730,208 1,820 Packets (5Kg-10Kg) 3,300","['SLTB', '2022', 'official document', 'economics', 'trade', 'region']",Sri Lanka Tea Board (SLTB),SLTEA-009,2226,300,9,6,1 monthly tea statistics june 2022 1. tea production cumulative tea production for the period june 2022 shows an increase of 16 against last year. june january to june elevation 2022 2021 2022 2021 kg. kg. kg kg high grown 4 055 137 5 930 981 31 276 567 36 617 309 medium grown 2 966 624 4 521 521 22 166 986 28 060 116 low grown 13 127 004 15 615 515 79 483 012 97 036 814 total 20 148 765 26 068 017 132 926 564 161 714 239 tea production category wise june january to june category 2022 2021 2022 2021 kg kg kg kg orthodox including bio reclaimed 18 490 247 23 727 163 120 401 022 146 426 088 ctc 1 526 634 2 086 701 11 658 633 14 039 887 green 131 884 254 153 866 908 1 248 264 total 20 148 765 26 068 017 132 926 564 161 714 239 the above production figures are excluding instant tea and details of the instant tea is as follows. year june end june 2022 234 164 1 344 711 2021 367 495 1 793 223 2. sales data sales at auction end june 2022 all inclusive elevation qty kg gross unit price rs. kg. high grown 31 017 910 895.93 medium grown 23 274 162 869.43 low grown 80 267 433 1 126.38 all sales 134 559 504 1 028.81 source sltb sales report 2 3. exports june 2022 category qty kg value rs fob rs kg export black bags 1 660 335 5 209 004 081 3 137 bulk 10 094 104 15 308 865 645 1 517 packets 1kg-3kg 305 720 532 309 213 1 741 packets 3kg-5kg 867 571 1 408 125 034 1 623 packets 4g-1kg 7 002 072 12 395 240 818 1 770 packets 5kg-10kg 2 370 250 3 264 344 300 1 377 black total 22 300 051 38 117 889 091 1 709 green bags 76 208 487 997 823 6 403 bulk 33 511 62 615 658 1 869 packets 1kg-3kg 1 455 4 491 679 3 087 packets 4g-1kg 82 339 259 213 904 3 148 packets 5kg-10kg 14 837 13 721 415 925 green total 208 350 828 040 479 3 974 instant packets 3kg 204 398 586 420 342 2 869 instant total 204 398 586 420 342 2 869 export total 22 712 799 39 532 349 912 1 741 re export black bags 326 833 896 985 745 2 744 bulk 76 234 110 555 619 1 450 packets 4g-1kg 158 468 351 681 512 2 219 packets 5kg-10kg 4 950 7 298 430 1 474 black total 566 486 1 366 521 306 2 412 green bags 121 469 743 810 069 6 123 bulk 25 153 45 172 520 1 796 packets 4g-1kg 123 470 224 730 208 1 820 packets 5kg-10kg 3 300
SLTEA_009,economics,Monthly Tea Statistics – June 2022 (example in SLTB monthly series) (Part 2),"4,273,945 1,295 Green Total 273,392 1,017,986,742 3,724 Instant Packets (>3Kg) 5,509 6,428,200 1,167 Instant Total 5,509 6,428,200 1,167 Re Export Total 845,387 2,390,936,248 2,828 Grand Total 23,558,186 41,923,286,160 1,780","['SLTB', '2022', 'official document', 'economics', 'trade', 'region']",Sri Lanka Tea Board (SLTB),SLTEA-009,224,29,1,6,4 273 945 1 295 green total 273 392 1 017 986 742 3 724 instant packets 3kg 5 509 6 428 200 1 167 instant total 5 509 6 428 200 1 167 re export total 845 387 2 390 936 248 2 828 grand total 23 558 186 41 923 286 160 1 780
SLTEA_010,economics,Revised Tea Production 2024 (Monthly) (Part 1),"Revised Tea Production - 2024(End of December 2024) - Monthly Classification by Elevation & Processing Method ORTHODOX (ONLY) TEA - in Kgs. HIGH 3,056,244 3,909,921 4,135,832 3,814,130 5,030,606 4,062,191 4,804,805 3,414,840 4,115,710 3,566,375 4,457,983 3,973,495 MEDIUM 2,046,298 3,081,072 3,360,728 3,206,174 3,753,835 3,733,034 3,351,203 2,934,973 3,311,566 2,835,873 3,385,504 2,946,711 LOW 11,579,805 10,967,141 9,886,169 12,609,097 13,329,445 12,763,566 12,504,099 12,727,709 14,330,705 12,431,978 12,300,302 12,532,026 TOTAL 16,682,348 17,958,133 17,382,729 19,629,400 22,113,886 20,558,791 20,660,107 19,077,522 21,757,980 18,834,226 20,143,789 19,452,232 BIO TEA - in Kgs. HIGH 25,855 49,246 57,557 54,783 69,240 44,858 34,858 16,993 30,871 25,822 41,207 30,636 MEDIUM 27,124 33,776 29,881 21,694 37,081 48,186 57,665 58,187 71,776 52,377 73,749 64,086 LOW 445 2,720 2,501 2,357 2,358 4,927 5,523 - 3,516 3,575 2,124 1,744 TOTAL 53,424 85,742 89,939 78,834 108,679 97,971 98,046 75,180 106,163 81,774 117,080 96,466 RECLAIMED TEA - in Kgs. HIGH 14,347 31,767 39,169 33,853 48,559 60,132 52,601 51,704 48,985 52,223 47,061 49,492 MEDIUM 7,339 5,312 9,002 8,511 10,573 11,705 15,037 15,230 10,840 10,830 12,099 14,038 LOW 54,017 42,514 43,601 36,171 52,086 59,034 66,254 57,046 61,701 120,260 79,920 71,124 TOTAL 75,703 79,592 91,770 78,534 111,217 130,870 133,891 123,979 121,526 183,312 139,080 134,654 ORTHODOX (INCLUDING BIO, RECLAIMED TEA) TEA- in Kgs. HIGH 3,096,446 3,990,934 4,232,557 3,902,765 5,148,404 4,167,180 4,892,263 3,483,537 4,195,566 3,644,420 4,546,250 4,053,623 MEDIUM 2,080,761 3,120,160 3,399,610 3,236,379 3,801,489 3,792,925 3,423,905 3,008,390 3,394,182 2,899,080 3,471,352 3,024,835 LOW 11,634,267 11,012,374 9,932,271 12,647,624 13,383,889 12,827,526 12,575,876 12,784,754 14,395,922 12,555,812 12,382,346 12,604,894 TOTAL 16,811,474 18,123,467 17,564,438 19,786,768 22,333,782 20,787,632 20,892,044 19,276,681 21,985,669 19,099,312 20,399,948 19,683,352 CTC TEA - in Kgs. HIGH 363,618 371,377 485,135 443,980 500,705 509,406 393,926 275,052 457,601 396,690 462,680 435,446 MEDIUM 508,652 601,279 605,690 478,214 703,784 756,539 749,960 639,513 659,976 626,589 737,768 654,955 LOW 900,555 813,378 815,750 820,984 919,364 872,048 918,935 962,089 1,094,448 981,296 923,601 846,843 TOTAL 1,772,824 1,786,034 1,906,575 1,743,177 2,123,852 2,137,993 2,062,821","['SLTB', '2024', 'official document', 'economics', 'region', 'processing']",Sri Lanka Tea Board (SLTB),SLTEA-010,2390,300,6,6,revised tea production - 2024 end of december 2024 - monthly classification by elevation processing method orthodox only tea - in kgs. high 3 056 244 3 909 921 4 135 832 3 814 130 5 030 606 4 062 191 4 804 805 3 414 840 4 115 710 3 566 375 4 457 983 3 973 495 medium 2 046 298 3 081 072 3 360 728 3 206 174 3 753 835 3 733 034 3 351 203 2 934 973 3 311 566 2 835 873 3 385 504 2 946 711 low 11 579 805 10 967 141 9 886 169 12 609 097 13 329 445 12 763 566 12 504 099 12 727 709 14 330 705 12 431 978 12 300 302 12 532 026 total 16 682 348 17 958 133 17 382 729 19 629 400 22 113 886 20 558 791 20 660 107 19 077 522 21 757 980 18 834 226 20 143 789 19 452 232 bio tea - in kgs. high 25 855 49 246 57 557 54 783 69 240 44 858 34 858 16 993 30 871 25 822 41 207 30 636 medium 27 124 33 776 29 881 21 694 37 081 48 186 57 665 58 187 71 776 52 377 73 749 64 086 low 445 2 720 2 501 2 357 2 358 4 927 5 523 - 3 516 3 575 2 124 1 744 total 53 424 85 742 89 939 78 834 108 679 97 971 98 046 75 180 106 163 81 774 117 080 96 466 reclaimed tea - in kgs. high 14 347 31 767 39 169 33 853 48 559 60 132 52 601 51 704 48 985 52 223 47 061 49 492 medium 7 339 5 312 9 002 8 511 10 573 11 705 15 037 15 230 10 840 10 830 12 099 14 038 low 54 017 42 514 43 601 36 171 52 086 59 034 66 254 57 046 61 701 120 260 79 920 71 124 total 75 703 79 592 91 770 78 534 111 217 130 870 133 891 123 979 121 526 183 312 139 080 134 654 orthodox including bio reclaimed tea tea- in kgs. high 3 096 446 3 990 934 4 232 557 3 902 765 5 148 404 4 167 180 4 892 263 3 483 537 4 195 566 3 644 420 4 546 250 4 053 623 medium 2 080 761 3 120 160 3 399 610 3 236 379 3 801 489 3 792 925 3 423 905 3 008 390 3 394 182 2 899 080 3 471 352 3 024 835 low 11 634 267 11 012 374 9 932 271 12 647 624 13 383 889 12 827 526 12 575 876 12 784 754 14 395 922 12 555 812 12 382 346 12 604 894 total 16 811 474 18 123 467 17 564 438 19 786 768 22 333 782 20 787 632 20 892 044 19 276 681 21 985 669 19 099 312 20 399 948 19 683 352 ctc tea - in kgs. high 363 618 371 377 485 135 443 980 500 705 509 406 393 926 275 052 457 601 396 690 462 680 435 446 medium 508 652 601 279 605 690 478 214 703 784 756 539 749 960 639 513 659 976 626 589 737 768 654 955 low 900 555 813 378 815 750 820 984 919 364 872 048 918 935 962 089 1 094 448 981 296 923 601 846 843 total 1 772 824 1 786 034 1 906 575 1 743 177 2 123 852 2 137 993 2 062 821
SLTEA_011,economics,Revised Tea Production 2024 (Monthly) (Part 2),"1,876,654 2,212,025 2,004,575 2,124,048 1,937,243 TOTAL BLACK TEA - in Kgs. HIGH 3,460,064 4,362,311 4,717,692 4,346,745 5,649,109 4,676,586 5,286,189 3,758,589 4,653,167 4,041,110 5,008,930 4,489,069 MEDIUM 2,589,413 3,721,439 4,005,300 3,714,592 4,505,272 4,549,464 4,173,864 3,647,902 4,054,158 3,525,669 4,209,119 3,679,789 LOW 12,534,821 11,825,752 10,748,021 13,468,608 14,303,253 13,699,574 13,494,811 13,746,844 15,490,370 13,537,108 13,305,947 13,451,737 TOTAL 18,584,298 19,909,501 19,471,013 21,529,945 24,457,633 22,925,625 22,954,865 21,153,335 24,197,694 21,103,887 22,523,996 21,620,596 GREEN TEA - in Kgs. HIGH 85,960 103,656 93,518 78,371 97,556 117,392 144,627 105,989 98,269 97,577 114,366 115,166 MEDIUM 61,326 81,111 82,836 71,992 90,479 110,551 92,028 76,872 91,088 81,622 88,549 74,730 LOW 716 503 377 782 745 253 275 284 424 343 701 412 TOTAL 148,001 185,270 176,731 151,145 188,780 228,196 236,930 183,145 189,780 179,542 203,616 190,307 TOTAL TEA PRODUCTION - in Kgs. HIGH 3,546,023 4,465,966 4,811,210 4,425,116 5,746,665 4,793,978 5,430,816 3,864,578 4,751,435 4,138,687 5,123,295 4,604,235 MEDIUM 2,650,739 3,802,550 4,088,136 3,786,584 4,595,751 4,660,015 4,265,892 3,724,774 4,145,246 3,607,291 4,297,668 3,754,519 LOW 12,535,537 11,826,255 10,748,398 13,469,390 14,303,997 13,699,828 13,495,086 13,747,128 15,490,793 13,537,451 13,306,648 13,452,149 TOTAL 18,732,299 20,094,771 19,647,743 21,681,090 24,646,413 23,153,820 23,191,795 21,336,480 24,387,474 21,283,429 22,727,612 21,810,903 DecJun July Aug Sep Oct NovMayProc.Mtd./Elevation Jan Feb Mar Apr","['SLTB', '2024', 'official document', 'economics', 'region', 'processing']",Sri Lanka Tea Board (SLTB),SLTEA-010,1585,188,4,6,1 876 654 2 212 025 2 004 575 2 124 048 1 937 243 total black tea - in kgs. high 3 460 064 4 362 311 4 717 692 4 346 745 5 649 109 4 676 586 5 286 189 3 758 589 4 653 167 4 041 110 5 008 930 4 489 069 medium 2 589 413 3 721 439 4 005 300 3 714 592 4 505 272 4 549 464 4 173 864 3 647 902 4 054 158 3 525 669 4 209 119 3 679 789 low 12 534 821 11 825 752 10 748 021 13 468 608 14 303 253 13 699 574 13 494 811 13 746 844 15 490 370 13 537 108 13 305 947 13 451 737 total 18 584 298 19 909 501 19 471 013 21 529 945 24 457 633 22 925 625 22 954 865 21 153 335 24 197 694 21 103 887 22 523 996 21 620 596 green tea - in kgs. high 85 960 103 656 93 518 78 371 97 556 117 392 144 627 105 989 98 269 97 577 114 366 115 166 medium 61 326 81 111 82 836 71 992 90 479 110 551 92 028 76 872 91 088 81 622 88 549 74 730 low 716 503 377 782 745 253 275 284 424 343 701 412 total 148 001 185 270 176 731 151 145 188 780 228 196 236 930 183 145 189 780 179 542 203 616 190 307 total tea production - in kgs. high 3 546 023 4 465 966 4 811 210 4 425 116 5 746 665 4 793 978 5 430 816 3 864 578 4 751 435 4 138 687 5 123 295 4 604 235 medium 2 650 739 3 802 550 4 088 136 3 786 584 4 595 751 4 660 015 4 265 892 3 724 774 4 145 246 3 607 291 4 297 668 3 754 519 low 12 535 537 11 826 255 10 748 398 13 469 390 14 303 997 13 699 828 13 495 086 13 747 128 15 490 793 13 537 451 13 306 648 13 452 149 total 18 732 299 20 094 771 19 647 743 21 681 090 24 646 413 23 153 820 23 191 795 21 336 480 24 387 474 21 283 429 22 727 612 21 810 903 decjun july aug sep oct novmayproc.mtd. elevation jan feb mar apr
SLTEA_012,quality,Sri Lanka Tea Board Standards for Sri Lankan Origin Teas (compressed/annex pack) (Part 1),"Sri Lanka Tea Board Minimum Quality Standards for Tea; Issue No 02: January, 2021 Annexure Page 1 of 6 Ref: D(AS), SLTB – MQS:Issue 0 2/ SL Origin : January, 2021 SLTB Circular No: AL/MQS-02/2021 ~ Annexure A Sri Lanka Tea Board Minimum Quality Standards (MQS) for “Sri Lankan Origin Tea” 1) Basic Requirements for ‘Black Tea’: ISO 3720: 2011 Sri Lanka Standards 135:2009 (AMD 421:2011) Characteristic Requirement Test Method Ref. Black Tea 1. Water extract, mass fraction min. 32 % ISO 9768:1994; SLS 28 Part 7:2008 2. Total Ash, mass fraction min. 4% - max. 8% ISO 1575:1987; SLS 28 Part 3:2008 3. Water - soluble ash, mass fraction of total ash min. 45% ISO 1576:1988; SLS 28 Part 4:2008 4. Alkalinity of water-soluble ash (as KOH), mass fraction min. 1.0% - max. 3.0% ISO 1578:1975; SLS 28 Part 6:2008 5. Acid insoluble ash, mass fraction max. 1.0% ISO 1577:1987; SLS 28 Part 5:2008 6. Crude fibre, mass fraction max. 16.5% ISO 15598:1999;SLS 28 Part 8:2008 7. Total polyphenols, mass fraction min. 9% ISO 14502-1: 2005; SLS 28 Part 9/ Section 1: 2011 2) Basic Requirements for ‘Green Tea’: ISO 11287: 2011 Sri Lanka Standards 1413:2011 Characteristic Requirement Test Method Ref. Green Tea 1. Water extract, mass fraction min. 32 % ISO 9768:1994; SLS 28 Part 7:2008 2. Total Ash, mass fraction min. 4% - max. 8% ISO 1575:1987; SLS 28 Part 3:2008 3. Water - soluble ash, Mass fraction of total ash min. 45% ISO 1576:1988; SLS 28 Part 4:2008 4. Alkalinity of water-soluble ash (As KOH), mass fraction min. 1.0% - max. 3.0% ISO 1578:1975; SLS 28 Part 6:2008 5. Acid insoluble ash, mass fraction max. 1.0% ISO 1577:1987; SLS 28 Part 5:2008 6. Crude fibre, mass fraction max. 16.5% ISO 15598:1999;SLS 28 Part 8:2008 7. Total","['SLTB', '2024 (posting)', 'official document', 'quality', 'trade', 'disease/pests']",Sri Lanka Tea Board (SLTB),SLTEA-012,1724,300,34,6,sri lanka tea board minimum quality standards for tea issue no 02 january 2021 annexure page 1 of 6 ref d as sltb mqs issue 0 2 sl origin january 2021 sltb circular no al mqs-02 2021 annexure a sri lanka tea board minimum quality standards mqs for sri lankan origin tea 1 basic requirements for black tea iso 3720 2011 sri lanka standards 135 2009 amd 421 2011 characteristic requirement test method ref. black tea 1. water extract mass fraction min. 32 iso 9768 1994 sls 28 part 7 2008 2. total ash mass fraction min. 4 - max. 8 iso 1575 1987 sls 28 part 3 2008 3. water - soluble ash mass fraction of total ash min. 45 iso 1576 1988 sls 28 part 4 2008 4. alkalinity of water-soluble ash as koh mass fraction min. 1.0 - max. 3.0 iso 1578 1975 sls 28 part 6 2008 5. acid insoluble ash mass fraction max. 1.0 iso 1577 1987 sls 28 part 5 2008 6. crude fibre mass fraction max. 16.5 iso 15598 1999 sls 28 part 8 2008 7. total polyphenols mass fraction min. 9 iso 14502-1 2005 sls 28 part 9 section 1 2011 2 basic requirements for green tea iso 11287 2011 sri lanka standards 1413 2011 characteristic requirement test method ref. green tea 1. water extract mass fraction min. 32 iso 9768 1994 sls 28 part 7 2008 2. total ash mass fraction min. 4 - max. 8 iso 1575 1987 sls 28 part 3 2008 3. water - soluble ash mass fraction of total ash min. 45 iso 1576 1988 sls 28 part 4 2008 4. alkalinity of water-soluble ash as koh mass fraction min. 1.0 - max. 3.0 iso 1578 1975 sls 28 part 6 2008 5. acid insoluble ash mass fraction max. 1.0 iso 1577 1987 sls 28 part 5 2008 6. crude fibre mass fraction max. 16.5 iso 15598 1999 sls 28 part 8 2008 7. total
SLTEA_013,quality,Sri Lanka Tea Board Standards for Sri Lankan Origin Teas (compressed/annex pack) (Part 2),"catechins, mass fraction min. 7% ISO 14502-2: 2005; SLS 28 Part 9/ Section 2: 2011 8. Total polyphenols, mass fraction min. 11% ISO 14502-1: 2005; SLS 28 Part 9/ Section 1: 2011 9. Ratio total catechins to total polyphenols, mass fraction min. 0.5 - Sri Lanka Tea Board Minimum Quality Standards for Tea; Issue No 02: January, 2021 Annexure Page 2 of 6 Ref: D(AS), SLTB – MQS:Issue 0 2/ SL Origin : January, 2021 SRI LANKA TEA BOARD DIRECTIVES FOR ‘MQS’ These ‘directives’ has been issued under the regulatory power by Sri Lanka Tea Board Law No. 14 of 1975, Tea Control Act No. 51 of 19 57 and Tea (Tax and Control of Export) Act No. 16 of 1959 and their subsequent amendments aiming to minimize the presence of health risk hazard /s for its consumers. Tea Board directives are voluntary private standards aiming to provide quality assured tea for ‘Ceylon tea’ consumers. However, exporters of ‘Sri Lankan Origin Tea’ should be guided by the standards stipulated by respective health authorities and Custom requirements in the destination port and/or tea importing country. 3) Foreign Matter/ Extraneous Matters – Completely free (Teas should comply with ISO 3720 :2011 and ISO 11287: 2011 parameters specified above) 4) Detectable Metals: Name of Metal Acceptable Limit Test Method/s 1. Iron (as ferrous) – max. 300 mg/kg AAS/ICP-MS/OES 2. Copper – max. 100 mg/kg AAS/ICP-MS/OES 3. Lead – max. 2 mg/kg AAS/ICP-MS/OES 4. Zinc - max. 100 mg/kg AAS/ICP-MS/OES 5. Cadmium – max. 0.2 mg/kg AAS/ICP-MS/OES 6. Sodium - max. 0.7% (m/m) AFS/FFM (AAS – Atomic Absorption Spectrophotometry; ICP – Inductive Coupled Plasma Spectroscopy – MS/OES; AFS – Atomic Flame Emission Spectrophotometry and FFM – Flame Photometry Techniques, wherever applicable) 5) Microbiological Requirement: Characteristic Requirement Test Method Ref. Black Tea Green Tea Total","['SLTB', '2024 (posting)', 'official document', 'quality', 'trade', 'disease/pests']",Sri Lanka Tea Board (SLTB),SLTEA-012,1843,300,25,6,catechins mass fraction min. 7 iso 14502-2 2005 sls 28 part 9 section 2 2011 8. total polyphenols mass fraction min. 11 iso 14502-1 2005 sls 28 part 9 section 1 2011 9. ratio total catechins to total polyphenols mass fraction min. 0.5 - sri lanka tea board minimum quality standards for tea issue no 02 january 2021 annexure page 2 of 6 ref d as sltb mqs issue 0 2 sl origin january 2021 sri lanka tea board directives for mqs these directives has been issued under the regulatory power by sri lanka tea board law no. 14 of 1975 tea control act no. 51 of 19 57 and tea tax and control of export act no. 16 of 1959 and their subsequent amendments aiming to minimize the presence of health risk hazard s for its consumers. tea board directives are voluntary private standards aiming to provide quality assured tea for ceylon tea consumers. however exporters of sri lankan origin tea should be guided by the standards stipulated by respective health authorities and custom requirements in the destination port and or tea importing country. 3 foreign matter extraneous matters completely free teas should comply with iso 3720 2011 and iso 11287 2011 parameters specified above 4 detectable metals name of metal acceptable limit test method s 1. iron as ferrous max. 300 mg kg aas icp-ms oes 2. copper max. 100 mg kg aas icp-ms oes 3. lead max. 2 mg kg aas icp-ms oes 4. zinc - max. 100 mg kg aas icp-ms oes 5. cadmium max. 0.2 mg kg aas icp-ms oes 6. sodium - max. 0.7 m m afs ffm aas atomic absorption spectrophotometry icp inductive coupled plasma spectroscopy ms oes afs atomic flame emission spectrophotometry and ffm flame photometry techniques wherever applicable 5 microbiological requirement characteristic requirement test method ref. black tea green tea total
SLTEA_014,quality,Sri Lanka Tea Board Standards for Sri Lankan Origin Teas (compressed/annex pack) (Part 3),"Plate Count Max. 10,000 cfu/g ISO 4833-1: 2013; SLS 516 Part 1/ Section 1: 2013 Yeast & Moulds Count max.1,000 cfu/g ISO 21527-2: 2008; SLS 516 Part 2/ Section 2: 2013* Total Coliform Count max.10 MPN/g ISO 4831: 2006; SLS 516 Part 3/ Section 1: 2013 E-Coli Absent / g ISO 7251: 2005; SLS 516 Part 12: 2013 Salmonella Absent / 25 g ISO 6579:2002; SLS 516: Part 5: 1992 *Note: 1). Teas under damp/ wet condition (Water activity, Aw > 95%) are required to use test method: ISO 21527-1: 2008: SLS 516: Part 2/ Section 1: 2013. 2). In addition to the above, concerned parties should be guided by the standards applicable in the destination country as required by the importer. Sri Lanka Tea Board Minimum Quality Standards for Tea; Issue No 02: January, 2021 Annexure Page 3 of 6 Ref: D(AS), SLTB – MQS:Issue 0 2/ SL Origin : January, 2021 6) Permissible Maximum Residue Levels (MRLs) for Pesticides in final product of tea: Following Seventeen (17) pesticides are permitted in final product of tea which were recommended by the Tea Research Institute of Sri Lanka (TRI SL) as revised by the TRI Advisory Circular No. PU 1: Serial No. 01/ 20; issued in November 2020. Therefore, Sri Lankan Origin Tea should not contain residues of any other pesticides. Importantly, e xporters of tea should be guided by the standards in the importing country. Maximum Residue Limits (MRLs) established by EU and Japan for the respective pesticides are given for information and necessary guidance. Name of the Category/ MRL MRL Pesticide type EU Regulation (EC) Japan: Positive list mg/kg (ppm) mg/kg (ppm) 1. Brunolium/Tar Acids F………… Exempted…………………… ............. Exempted 2. Calcium hydroxide N/A………… Exempted…………………… ............. Exempted 3. Chlorantraniliprole I……………… 0.02……………………………................. 50 4. Copper hydroxide F…………… 40 (as Cu)","['SLTB', '2024 (posting)', 'official document', 'quality', 'trade', 'disease/pests']",Sri Lanka Tea Board (SLTB),SLTEA-012,1830,300,16,6,plate count max. 10 000 cfu g iso 4833-1 2013 sls 516 part 1 section 1 2013 yeast moulds count max.1 000 cfu g iso 21527-2 2008 sls 516 part 2 section 2 2013 total coliform count max.10 mpn g iso 4831 2006 sls 516 part 3 section 1 2013 e-coli absent g iso 7251 2005 sls 516 part 12 2013 salmonella absent 25 g iso 6579 2002 sls 516 part 5 1992 note 1 . teas under damp wet condition water activity aw 95 are required to use test method iso 21527-1 2008 sls 516 part 2 section 1 2013. 2 . in addition to the above concerned parties should be guided by the standards applicable in the destination country as required by the importer. sri lanka tea board minimum quality standards for tea issue no 02 january 2021 annexure page 3 of 6 ref d as sltb mqs issue 0 2 sl origin january 2021 6 permissible maximum residue levels mrls for pesticides in final product of tea following seventeen 17 pesticides are permitted in final product of tea which were recommended by the tea research institute of sri lanka tri sl as revised by the tri advisory circular no. pu 1 serial no. 01 20 issued in november 2020. therefore sri lankan origin tea should not contain residues of any other pesticides. importantly e xporters of tea should be guided by the standards in the importing country. maximum residue limits mrls established by eu and japan for the respective pesticides are given for information and necessary guidance. name of the category mrl mrl pesticide type eu regulation ec japan positive list mg kg ppm mg kg ppm 1. brunolium tar acids f exempted ............. exempted 2. calcium hydroxide n a exempted ............. exempted 3. chlorantraniliprole i 0.02 ................. 50 4. copper hydroxide f 40 as cu
SLTEA_015,quality,Sri Lanka Tea Board Standards for Sri Lankan Origin Teas (compressed/annex pack) (Part 4),"..................................... Exempted 5. Copper oxide F…………… 40 (as Cu) ..................................... Exempted 6. Diazinon I…………… 0.05 ............................................... 0.1 7. Diuron W………… 0.05 ……………………… 1 8. Fipronil I …………… 0.005 ……………………… 0.002 9. Fluopyram N………….. 0.05 ............................................... - 10. Glufosinate ammonium W……………. 0.10 ................................................ 0.30 11. Glyposate W…………… 2 ……………………………… ................... 1 12. Hexaconazole F…………… 0.05 ............................................... 0.01* 13. Methylisocyanate/Metam N………… 0.02……………………………… 0.10 14. Oxyfluorfen W………… 0.05 .............................................. 0.01* 15. Propiconazole F ………… 0.10 .............................................. 0.10 16. Sulphur A/I ………… Exempted ................................... Exempted 17. Tebuconazole F ………… 0.05 .............................................. 80 A-Acaricide; F-Fungicide; I-Insecticide; N-Nematicide; W-Weedicides; N/A-Not Applicable *: Denotes that MRLs are not established by the respective Authority. However, default MRL of 0.01mg/kg is defined as the Limit. An issuance of updated Sri Lanka Tea Board Standards/ Guidelines for tea is subject to periodical revision, as decided by the Sri Lanka Tea Board. COPYRIGHT All right reserved. No part of this Circular may be reproduced o r transmitted in any form or by any means, electronic or mechanical, including social media, photocopying, recording or information storage and retrieval, without permission in writing from the Director General, Sri Lanka Tea Board.","['SLTB', '2024 (posting)', 'official document', 'quality', 'trade', 'disease/pests']",Sri Lanka Tea Board (SLTB),SLTEA-012,1630,188,19,6,..................................... exempted 5. copper oxide f 40 as cu ..................................... exempted 6. diazinon i 0.05 ............................................... 0.1 7. diuron w 0.05 1 8. fipronil i 0.005 0.002 9. fluopyram n .. 0.05 ............................................... - 10. glufosinate ammonium w . 0.10 ................................................ 0.30 11. glyposate w 2 ................... 1 12. hexaconazole f 0.05 ............................................... 0.01 13. methylisocyanate metam n 0.02 0.10 14. oxyfluorfen w 0.05 .............................................. 0.01 15. propiconazole f 0.10 .............................................. 0.10 16. sulphur a i exempted ................................... exempted 17. tebuconazole f 0.05 .............................................. 80 a-acaricide f-fungicide i-insecticide n-nematicide w-weedicides n a-not applicable denotes that mrls are not established by the respective authority. however default mrl of 0.01mg kg is defined as the limit. an issuance of updated sri lanka tea board standards guidelines for tea is subject to periodical revision as decided by the sri lanka tea board. copyright all right reserved. no part of this circular may be reproduced o r transmitted in any form or by any means electronic or mechanical including social media photocopying recording or information storage and retrieval without permission in writing from the director general sri lanka tea board.
SLTEA_016,region,Specification – Ceylon tea (Part 1),"1 ‘Ceylon tea’ Geographical Indication Product Specifications 1/ APPLICANT ........................................................................................................................................................................... 3 2/ LEGAL PROTECTION IN SRI LANKA ......................................................................................................................................... 4 3/ ELEMENTS OF THE PRODUCT SPECIFICATION ........................................................................................................................ 5 3.1/ DESCRIPTION OF THE AGRICULTURAL PRODUCT OR FOODSTUFF ............................................................................................................ 5 3.1.1/ Type of product ............................................................................................................................................................... 5 3.1.2/ Description of the product to which the name in (1) applies .......................................................................................... 5 3.1.3/ Sensory and chemical characteristics of 'Ceylon tea’ ...................................................................................................... 9 3.1.3.1/ Ceylon black tea – The colour of the liquor ................................................................................................................................. 9 3.1.3.1/ Ceylon black tea – The somato-sensory profile ......................................................................................................................... 10 3.1.3.1/ Ceylon black tea – The aromatic profile ..................................................................................................................................... 10 3.1.3.1/ Ceylon black tea –The chemical profile ...................................................................................................................................... 11 3.1.3.2/ Ceylon green tea – The colour of the liquor .............................................................................................................................. 11 3.1.3.2/ Ceylon green tea – The somato-sensory profile ........................................................................................................................ 11 3.1.3.2/ Ceylon green tea – The aromatic profile .................................................................................................................................... 12 3.1.3.2/ Ceylon green tea – The chemical profile .................................................................................................................................... 12 3.1.3.3/ Ceylon white tea, silver tips, golden tips – The colour of the liquor .......................................................................................... 13 3.1.3.3/ Ceylon white tea, silver tips, golden tips – The somato-sensory profile .................................................................................... 13 3.1.3.3/ Ceylon white tea, silver tips, golden tips – The aromatic profile ............................................................................................... 13 3.1.3.3/ Ceylon white tea, silver tips, golden tips – The chemical profile ............................................................................................... 14 3.2/ FEED (FOR PRODUCTS OF ANIMAL ORIGIN ONLY) AND RAW MATERIALS (FOR PROCESSED PRODUCTS ONLY) ................................................... 14 4/ SPECIFIC STEPS IN PRODUCTION THAT MUST TAKE PLACE IN THE IDENTIFIED GEOGRAPHICAL AREA .................................. 16 4.1/ TEA CULTIVATION ....................................................................................................................................................................... 16 4.2/ PLUCKING ................................................................................................................................................................................. 16 4.3/ TRANSPORT OF GREEN LEAF .......................................................................................................................................................... 16 4.4/ PROCESSING ............................................................................................................................................................................. 17 4.4.1/ Black tea ........................................................................................................................................................................ 17 4.4.2/ Green tea ...................................................................................................................................................................... 21 4.4.3/ White tea, silver tips, golden tips .................................................................................................................................. 22 4.5/ GRADING OF TEAS ...................................................................................................................................................................... 22 4.6/ BLENDING OF TEAS ..................................................................................................................................................................... 22 4.7/ FLAVOURING ............................................................................................................................................................................. 22 4.8/ FINAL PACKING ..........................................................................................................................................................................","['SLTB', '2024 (posting)', 'official document', 'region', 'history', 'processing']",Sri Lanka Tea Board (SLTB),SLTEA-013,5785,300,1,6,1 ceylon tea geographical indication product specifications 1 applicant ........................................................................................................................................................................... 3 2 legal protection in sri lanka ......................................................................................................................................... 4 3 elements of the product specification ........................................................................................................................ 5 3.1 description of the agricultural product or foodstuff ............................................................................................................ 5 3.1.1 type of product ............................................................................................................................................................... 5 3.1.2 description of the product to which the name in 1 applies .......................................................................................... 5 3.1.3 sensory and chemical characteristics of ceylon tea ...................................................................................................... 9 3.1.3.1 ceylon black tea the colour of the liquor ................................................................................................................................. 9 3.1.3.1 ceylon black tea the somato-sensory profile ......................................................................................................................... 10 3.1.3.1 ceylon black tea the aromatic profile ..................................................................................................................................... 10 3.1.3.1 ceylon black tea the chemical profile ...................................................................................................................................... 11 3.1.3.2 ceylon green tea the colour of the liquor .............................................................................................................................. 11 3.1.3.2 ceylon green tea the somato-sensory profile ........................................................................................................................ 11 3.1.3.2 ceylon green tea the aromatic profile .................................................................................................................................... 12 3.1.3.2 ceylon green tea the chemical profile .................................................................................................................................... 12 3.1.3.3 ceylon white tea silver tips golden tips the colour of the liquor .......................................................................................... 13 3.1.3.3 ceylon white tea silver tips golden tips the somato-sensory profile .................................................................................... 13 3.1.3.3 ceylon white tea silver tips golden tips the aromatic profile ............................................................................................... 13 3.1.3.3 ceylon white tea silver tips golden tips the chemical profile ............................................................................................... 14 3.2 feed for products of animal origin only and raw materials for processed products only ................................................... 14 4 specific steps in production that must take place in the identified geographical area .................................. 16 4.1 tea cultivation ....................................................................................................................................................................... 16 4.2 plucking ................................................................................................................................................................................. 16 4.3 transport of green leaf .......................................................................................................................................................... 16 4.4 processing ............................................................................................................................................................................. 17 4.4.1 black tea ........................................................................................................................................................................ 17 4.4.2 green tea ...................................................................................................................................................................... 21 4.4.3 white tea silver tips golden tips .................................................................................................................................. 22 4.5 grading of teas ...................................................................................................................................................................... 22 4.6 blending of teas ..................................................................................................................................................................... 22 4.7 flavouring ............................................................................................................................................................................. 22 4.8 final packing ..........................................................................................................................................................................
SLTEA_017,region,Specification – Ceylon tea (Part 2),"22 4.9/ SPECIFIC RULES CONCERNING LABELLING OF THE PRODUCT TO WHICH THE REGISTERED NAME REFERS .......................................................... 22 5/ CONCISE DEFINITION OF THE GEOGRAPHICAL AREA ........................................................................................................... 23 6/ LINK WITH THE GEOGRAPHICAL AREA ................................................................................................................................ 24 6.1/ SPECIFICITIES OF THE PRODUCT ..................................................................................................................................................... 24 6.2/ HISTORICAL REPUTATION OF ‘CEYLON TEA’ ...................................................................................................................................... 24 6.2.1/ ‘Ceylon tea’ name ......................................................................................................................................................... 24 6.2.2/ ‘Ceylon teas’ .................................................................................................................................................................. 25 6.2.3/ Early recognition of Ceylon tea quality: strength, flavours, aroma and purity ............................................................. 25 6.2.4/ Growing ‘Ceylon tea’ reputation worldwide: ................................................................................................................ 26 6.2.5/ Lion Logo as a symbol of quality ................................................................................................................................... 26 6.3/ CURRENT REPUTATION OF ‘CEYLON TEA’ ......................................................................................................................................... 27 6.4/ SPECIFICITIES OF THE GEOGRAPHICAL AREA: ..................................................................................................................................... 30 6.4.1/ Specificities of the Natural Factors ................................................................................................................................ 30 6.4.2/ Specificities of the Human Factors ................................................................................................................................ 31 2 6.4.3/ How the specificities of the geographical area influence those of the product (causal link) ........................................ 33 7/ EVIDENCE THAT THE PRODUCT ORIGINATES IN THE DEFINED GEOGRAPHICAL AREA. ......................................................... 34 7.1/ TRACEABILITY AT THE LEVEL OF TEA LEAF GROWERS, LEAF COLLECTORS .................................................................................................. 34 7.2/ TRACEABILITY AT THE FACTORIES LEVEL ........................................................................................................................................... 34 7.3/ TRACEABILITY AT THE LEVEL OF BROKERS ......................................................................................................................................... 35 7.4/ TRACEABILITY AT THE LEVEL OF EXPORTERS ...................................................................................................................................... 35 8/ CONTROLS .......................................................................................................................................................................... 36 ANNEXURES ............................................................................................................................................................................ 38 ANNEX 1 - ‘CEYLON TEA’ TRACEABILITY FLOW CHART ................................................................................................................................ 38 3 1/ Applicant Sri Lanka Tea Board on behalf of the growers, processors, brokers and exporters of ‘Ceylon tea’. Established in 1976, the Sri Lanka Tea Board serves as the regulatory and administrative body of the Sri Lankan tea industry. The board is a government agency made up of representatives of government and representatives of all steps in the production chain from the farm to export. More specifically, to ensure representation of the value chain, the Sri Lanka Tea Board has created the ‘Ceylon tea’ Geographical Indication Management Committee,","['SLTB', '2024 (posting)', 'official document', 'region', 'history', 'processing']",Sri Lanka Tea Board (SLTB),SLTEA-013,4529,300,5,6,22 4.9 specific rules concerning labelling of the product to which the registered name refers .......................................................... 22 5 concise definition of the geographical area ........................................................................................................... 23 6 link with the geographical area ................................................................................................................................ 24 6.1 specificities of the product ..................................................................................................................................................... 24 6.2 historical reputation of ceylon tea ...................................................................................................................................... 24 6.2.1 ceylon tea name ......................................................................................................................................................... 24 6.2.2 ceylon teas .................................................................................................................................................................. 25 6.2.3 early recognition of ceylon tea quality strength flavours aroma and purity ............................................................. 25 6.2.4 growing ceylon tea reputation worldwide ................................................................................................................ 26 6.2.5 lion logo as a symbol of quality ................................................................................................................................... 26 6.3 current reputation of ceylon tea ......................................................................................................................................... 27 6.4 specificities of the geographical area ..................................................................................................................................... 30 6.4.1 specificities of the natural factors ................................................................................................................................ 30 6.4.2 specificities of the human factors ................................................................................................................................ 31 2 6.4.3 how the specificities of the geographical area influence those of the product causal link ........................................ 33 7 evidence that the product originates in the defined geographical area. ......................................................... 34 7.1 traceability at the level of tea leaf growers leaf collectors .................................................................................................. 34 7.2 traceability at the factories level ........................................................................................................................................... 34 7.3 traceability at the level of brokers ......................................................................................................................................... 35 7.4 traceability at the level of exporters ...................................................................................................................................... 35 8 controls .......................................................................................................................................................................... 36 annexures ............................................................................................................................................................................ 38 annex 1 - ceylon tea traceability flow chart ................................................................................................................................ 38 3 1 applicant sri lanka tea board on behalf of the growers processors brokers and exporters of ceylon tea . established in 1976 the sri lanka tea board serves as the regulatory and administrative body of the sri lankan tea industry. the board is a government agency made up of representatives of government and representatives of all steps in the production chain from the farm to export. more specifically to ensure representation of the value chain the sri lanka tea board has created the ceylon tea geographical indication management committee
SLTEA_018,region,Specification – Ceylon tea (Part 3),"representing all the value chain segments, the green leaf producers including the small holders' sector, the collectors, the factories, the final packagers and exporters. The ‘Ceylon tea’ Geographical Indication Management Committee is an ad-hoc committee under the responsibility of the Sri Lanka Tea Board. The decisions taken by the Management Committee are recommendations for implementation through the Sri Lanka Tea Board. This institution is co-chaired by the Sri Lanka Tea Board, the Tea Small Holdings Development Authority and the Ceylon Tea Trader Association. 4 2/ Legal protection in Sri Lanka In Sri Lanka, the trademark of ‘Ceylon tea’ is owned by the Sri Lanka Tea Board. The first certificate of registration is dated 14 January 2011 and bears the trademark number 153931. It was renewed for a ten-year period on 24 August 2020 at the National Office of Intellectual Property of Sri Lanka. The Sri Lanka Tea Board is also the owner of a certification trademark comprising the Lion Logo and the words “Ceylon tea symbol of quality” (trademark number 92015), registered in Sri Lanka since 2005 under the Intellectual Property Act, No. 36 of 2003 and hereinafter called the “Lion Logo”. The last renewal of the Lion Logo was in 2018 and is valid until 2029. This is in addition to the word trademark protecting the name ‘Ceylon tea’. The link between the lion emblem and the ‘Ceylon tea’ wording goes back to 1940 and officially started being used as a trademark on ‘Ceylon tea’ packs in 1966. The domestic registration number was 49112 in Class 30. However, the logo has been revised three times and the latest version is in use since 2005. 5 3/ Elements of the Product Specification 3.1/ Description of the Agricultural Product or Foodstuff 3.1.1/ Type of product Combined Nomenclature Code: 09 02. 3.1.2/","['SLTB', '2024 (posting)', 'official document', 'region', 'history', 'processing']",Sri Lanka Tea Board (SLTB),SLTEA-013,1821,300,16,6,representing all the value chain segments the green leaf producers including the small holders sector the collectors the factories the final packagers and exporters. the ceylon tea geographical indication management committee is an ad-hoc committee under the responsibility of the sri lanka tea board. the decisions taken by the management committee are recommendations for implementation through the sri lanka tea board. this institution is co-chaired by the sri lanka tea board the tea small holdings development authority and the ceylon tea trader association. 4 2 legal protection in sri lanka in sri lanka the trademark of ceylon tea is owned by the sri lanka tea board. the first certificate of registration is dated 14 january 2011 and bears the trademark number 153931. it was renewed for a ten-year period on 24 august 2020 at the national office of intellectual property of sri lanka. the sri lanka tea board is also the owner of a certification trademark comprising the lion logo and the words ceylon tea symbol of quality trademark number 92015 registered in sri lanka since 2005 under the intellectual property act no. 36 of 2003 and hereinafter called the lion logo . the last renewal of the lion logo was in 2018 and is valid until 2029. this is in addition to the word trademark protecting the name ceylon tea . the link between the lion emblem and the ceylon tea wording goes back to 1940 and officially started being used as a trademark on ceylon tea packs in 1966. the domestic registration number was 49112 in class 30. however the logo has been revised three times and the latest version is in use since 2005. 5 3 elements of the product specification 3.1 description of the agricultural product or foodstuff 3.1.1 type of product combined nomenclature code 09 02. 3.1.2
SLTEA_019,region,Specification – Ceylon tea (Part 4),"Description of the product to which the name in (1) applies ‘Ceylon tea’ is derived from the leaves, buds and tender stems of the Camellia sinensis L. species as cultivated and processed in the delimitated geographical area in the island of Sri Lanka as described in this application. ‘Ceylon tea’ is placed on the market in the form of: 1. Orthodox leafy black tea, orthodox-rotorvane black tea, CTC (Cut, tear and curl) tea; 2. Green tea; 3. White tea (including silver tips and golden tips). ‘Ceylon tea’ is only for tea of the grades listed below: ORTHODOX BLACK TEA MAIN GRADES BOP Neat in style and of medium size, devoid of fine particles [fannings and dust] BOP SP Much superior to and neater than BOP BOPF Neat in style, smaller than BOP and devoid of fine Dust particles BOPF SP Much superior to and neater than BOPF FBOP Smaller and shorter than BOP1 and larger than FBOPF1, preferably with a presence of tips Pekoe a) Orthodox/Rotor vane manufacture: Neat, with fair twist, larger than BOP and could be choppy b) Leafy manufacture: Shotty, curly or semi curly leaf of large size Pekoe1 Shotty, curly, smaller in size than PEKOE BOPA Flaky and larger than BOP OP1 Long, wiry and well twisted 6 OP Less wiry than OP1 and better twisted [less bold] than OPA OPA Long and bold with fair twist and preferably without excessive stalk BOP1 Wiry, twisted and shorter than OP1 FBOP1 Longer than FBOP, twisted and wiry, preferably with a presence of tips FBOPF Similar in size to BOP and preferably with a presence of tips FBOPF1 Larger than FBOPF and smaller than FBOP, preferably with a presence of tips FBOPFSP Similar in size to FBOPF or FBOPF1, with a fair presence of tips FBOPFEXSP Similar in","['SLTB', '2024 (posting)', 'official document', 'region', 'history', 'processing']",Sri Lanka Tea Board (SLTB),SLTEA-013,1701,300,6,6,description of the product to which the name in 1 applies ceylon tea is derived from the leaves buds and tender stems of the camellia sinensis l. species as cultivated and processed in the delimitated geographical area in the island of sri lanka as described in this application. ceylon tea is placed on the market in the form of 1. orthodox leafy black tea orthodox-rotorvane black tea ctc cut tear and curl tea 2. green tea 3. white tea including silver tips and golden tips . ceylon tea is only for tea of the grades listed below orthodox black tea main grades bop neat in style and of medium size devoid of fine particles fannings and dust bop sp much superior to and neater than bop bopf neat in style smaller than bop and devoid of fine dust particles bopf sp much superior to and neater than bopf fbop smaller and shorter than bop1 and larger than fbopf1 preferably with a presence of tips pekoe a orthodox rotor vane manufacture neat with fair twist larger than bop and could be choppy b leafy manufacture shotty curly or semi curly leaf of large size pekoe1 shotty curly smaller in size than pekoe bopa flaky and larger than bop op1 long wiry and well twisted 6 op less wiry than op1 and better twisted less bold than opa opa long and bold with fair twist and preferably without excessive stalk bop1 wiry twisted and shorter than op1 fbop1 longer than fbop twisted and wiry preferably with a presence of tips fbopf similar in size to bop and preferably with a presence of tips fbopf1 larger than fbopf and smaller than fbop preferably with a presence of tips fbopfsp similar in size to fbopf or fbopf1 with a fair presence of tips fbopfexsp similar in
SLTEA_020,region,Specification – Ceylon tea (Part 5),"size to FBOPF Sp., with an attractive show of golden or silver tips FBOPFEXSP 1 Larger and leafier than FBOPF Ex. Sp., with an attractive show of golden or silver tips D1 Dust 1 - Grainy, even, well-made and smaller than BOPF D Dust - Similar in size to DUST1, with flaky leaf but reasonably clean CTC TEAS (CUT, TEAR, CURL) BLACK TEA GRADES BP1 Corresponding in size to high grown BOP, but granular BPS Larger particle size than BP1 PF1 Corresponding in size to high grown BOPF, but granular OF Smaller than BP1 but larger than PF1 PD Grainy and smaller than PF1 D1 Less grainy than PD and clean 7 BLACK TEA OFF GRADES & BOP1A GRADE (ORTHODOX) BP Choppy and hard, with some stalk and fibre BOP 1A Semi-leafy and flaky, without excessive stalk and fibre BM Mixed and flaky, with stalk and fibre BT Larger than BM, ragged and mixed leaf of varying sizes, with or without stalk and fibre FNGS1 Small, flaky leaf, without excessive fibre FNGS Similar to FNGS1, uneven and fibrous BLACK TEA OFF GRADES (CTC) PF Similar to or slightly larger than PF1 and may contain some fibre D Dust - Inferior to DUST1 and may be powdery & fibrous WHITE TEA GRADES Silver Tips These teas are small, unopened leaves of the tea plant. These tips are also commonly known as ""buds,"" although they do not form flowers and also appear as silver mixed white colour Golden Tips Similar to silver tips colour, appear as gold mixed white GREEN TEA GRADES (MAIN GRADES) GP Gun Powder GT D1 Green Tea Dust 8 GT OP Green Tea OP GT FF1 Green Tea FF 1 GT OPA Green Tea OPA GT OPA 2 Green Tea OPA 2 GT FBOP Green Tea FBOP SM","['SLTB', '2024 (posting)', 'official document', 'region', 'history', 'processing']",Sri Lanka Tea Board (SLTB),SLTEA-013,1589,300,3,6,size to fbopf sp. with an attractive show of golden or silver tips fbopfexsp 1 larger and leafier than fbopf ex. sp. with an attractive show of golden or silver tips d1 dust 1 - grainy even well-made and smaller than bopf d dust - similar in size to dust1 with flaky leaf but reasonably clean ctc teas cut tear curl black tea grades bp1 corresponding in size to high grown bop but granular bps larger particle size than bp1 pf1 corresponding in size to high grown bopf but granular of smaller than bp1 but larger than pf1 pd grainy and smaller than pf1 d1 less grainy than pd and clean 7 black tea off grades bop1a grade orthodox bp choppy and hard with some stalk and fibre bop 1a semi-leafy and flaky without excessive stalk and fibre bm mixed and flaky with stalk and fibre bt larger than bm ragged and mixed leaf of varying sizes with or without stalk and fibre fngs1 small flaky leaf without excessive fibre fngs similar to fngs1 uneven and fibrous black tea off grades ctc pf similar to or slightly larger than pf1 and may contain some fibre d dust - inferior to dust1 and may be powdery fibrous white tea grades silver tips these teas are small unopened leaves of the tea plant. these tips are also commonly known as buds although they do not form flowers and also appear as silver mixed white colour golden tips similar to silver tips colour appear as gold mixed white green tea grades main grades gp gun powder gt d1 green tea dust 8 gt op green tea op gt ff1 green tea ff 1 gt opa green tea opa gt opa 2 green tea opa 2 gt fbop green tea fbop sm
SLTEA_021,region,Specification – Ceylon tea (Part 6),"GTCH Green Tea Chun Mee GP 1 Gun Powder 1 GP 2 Gun Powder 2 SENCHA MATCHA CB1SP CM 1 Chun Mee 1 CM 1 SPL Chun Mee 1 Special CM BULK Chun Mee Bulk GP SP Gun Powder Special GP 3 Gun Powder 3 YOUNG HYSON 9 YOUNG HYSON SP GT BOPF Green Tea BOPF GT PEKOE Green Tea Pekoe GREEN TEA OFF GRADES GT FNGS Green Tea Fannings GT FNGS Green Tea Fannings Special GT BP Green Tea BP C FNGS Chun Mee fannings SENCHA FNGS GT DUST Green Tea Dust GT FNGS 1 Green Tea Fannings 1 ‘Ceylon tea’ is for tea originating 100% from the defined geographical area in Sri Lanka. ‘Ceylon tea’ from different regions of the defined geographical area in Sri Lanka can be blended. ‘Ceylon tea’ can be flavoured. 3.1.3/ Sensory and chemical characteristics of 'Ceylon tea’ 3.1.3.1/ Ceylon black tea – The colour of the liquor The colour of the liquor varies from amber to ochre, mahogany and copper with brightness and transparency. 10 3.1.3.1/ Ceylon black tea – The somato-sensory profile The somato-sensory structure of ‘Ceylon tea’ black tea shows that Ceylon black tea has a strong body, is brisk and velvety, carried by bitterness and astringency, is not salty or metallic and is very lightly umami and acid. 3.1.3.1/ Ceylon black tea – The aromatic profile The dominant aromas of Ceylon black tea are in the following aromatic families: - Woody with dry wood, sandalwood and cedar notes - Bakery with malted, jaggery and biscuity notes - With less intensity, the spicy family with honey, wax and leather notes - Fruity with stewed fruit, prune and tamarind notes. Vegetal and flowery elements are not found in Ceylon black tea. 11 3.1.3.1/ Ceylon black tea –The chemical profile 3.1.3.2/ Ceylon green","['SLTB', '2024 (posting)', 'official document', 'region', 'history', 'processing']",Sri Lanka Tea Board (SLTB),SLTEA-013,1672,300,8,6,gtch green tea chun mee gp 1 gun powder 1 gp 2 gun powder 2 sencha matcha cb1sp cm 1 chun mee 1 cm 1 spl chun mee 1 special cm bulk chun mee bulk gp sp gun powder special gp 3 gun powder 3 young hyson 9 young hyson sp gt bopf green tea bopf gt pekoe green tea pekoe green tea off grades gt fngs green tea fannings gt fngs green tea fannings special gt bp green tea bp c fngs chun mee fannings sencha fngs gt dust green tea dust gt fngs 1 green tea fannings 1 ceylon tea is for tea originating 100 from the defined geographical area in sri lanka. ceylon tea from different regions of the defined geographical area in sri lanka can be blended. ceylon tea can be flavoured. 3.1.3 sensory and chemical characteristics of ceylon tea 3.1.3.1 ceylon black tea the colour of the liquor the colour of the liquor varies from amber to ochre mahogany and copper with brightness and transparency. 10 3.1.3.1 ceylon black tea the somato-sensory profile the somato-sensory structure of ceylon tea black tea shows that ceylon black tea has a strong body is brisk and velvety carried by bitterness and astringency is not salty or metallic and is very lightly umami and acid. 3.1.3.1 ceylon black tea the aromatic profile the dominant aromas of ceylon black tea are in the following aromatic families - woody with dry wood sandalwood and cedar notes - bakery with malted jaggery and biscuity notes - with less intensity the spicy family with honey wax and leather notes - fruity with stewed fruit prune and tamarind notes. vegetal and flowery elements are not found in ceylon black tea. 11 3.1.3.1 ceylon black tea the chemical profile 3.1.3.2 ceylon green
SLTEA_022,region,Specification – Ceylon tea (Part 7),"tea – The colour of the liquor The colour of the liquor varies from light yellow with green or gold reflections to light amber with brightness and transparency. 3.1.3.2/ Ceylon green tea – The somato-sensory profile The somato-sensory structure of ‘Ceylon tea’ green tea is a strong body, brisk and velvety, carried by bitterness and astringency, not salty or metallic and is very lightly umami and acid. 12 3.1.3.2/ Ceylon green tea – The aromatic profile The dominant aromas of Ceylon green tea are in the following aromatic families: - Vegetal marine with cooked vegetable, grassy and fresh seaweed notes - Equal intensity for woody, with dry wood notes - Fruity with citrus notes - Bakery with toasted notes. 3.1.3.2/ Ceylon green tea – The chemical profile 13 3.1.3.3/ Ceylon white tea, silver tips, golden tips – The colour of the liquor The colour of the liquor varies from light yellow to light amber with brightness and transparency. 3.1.3.3/ Ceylon white tea, silver tips, golden tips – The somato-sensory profile The somato-sensory structure of ‘Ceylon tea’ white tea, is based on 2 dominant sensations: body and velvety, carried by light briskness, astringency and bitterness. It is not salty or metallic and is very lightly umami and acid. 3.1.3.3/ Ceylon white tea, silver tips, golden tips – The aromatic profile The dominant aromas of Ceylon white tea are in the following aromatic families: - Vegetal marine with notes such as cooked vegetable and hay - Fruity with cooked fruit, yellow fruit and citrus noted - Equal intensity for floral with geranium notes 14 - Bakery with toasted notes. 3.1.3.3/ Ceylon white tea, silver tips, golden tips – The chemical profile 3.2/ Feed (for products of animal origin only) and raw materials (for processed products only) ‘Ceylon tea’ is obtained from quality","['SLTB', '2024 (posting)', 'official document', 'region', 'history', 'processing']",Sri Lanka Tea Board (SLTB),SLTEA-013,1815,300,8,6,tea the colour of the liquor the colour of the liquor varies from light yellow with green or gold reflections to light amber with brightness and transparency. 3.1.3.2 ceylon green tea the somato-sensory profile the somato-sensory structure of ceylon tea green tea is a strong body brisk and velvety carried by bitterness and astringency not salty or metallic and is very lightly umami and acid. 12 3.1.3.2 ceylon green tea the aromatic profile the dominant aromas of ceylon green tea are in the following aromatic families - vegetal marine with cooked vegetable grassy and fresh seaweed notes - equal intensity for woody with dry wood notes - fruity with citrus notes - bakery with toasted notes. 3.1.3.2 ceylon green tea the chemical profile 13 3.1.3.3 ceylon white tea silver tips golden tips the colour of the liquor the colour of the liquor varies from light yellow to light amber with brightness and transparency. 3.1.3.3 ceylon white tea silver tips golden tips the somato-sensory profile the somato-sensory structure of ceylon tea white tea is based on 2 dominant sensations body and velvety carried by light briskness astringency and bitterness. it is not salty or metallic and is very lightly umami and acid. 3.1.3.3 ceylon white tea silver tips golden tips the aromatic profile the dominant aromas of ceylon white tea are in the following aromatic families - vegetal marine with notes such as cooked vegetable and hay - fruity with cooked fruit yellow fruit and citrus noted - equal intensity for floral with geranium notes 14 - bakery with toasted notes. 3.1.3.3 ceylon white tea silver tips golden tips the chemical profile 3.2 feed for products of animal origin only and raw materials for processed products only ceylon tea is obtained from quality
SLTEA_023,region,Specification – Ceylon tea (Part 8),"green fresh tea leaves grown in the delimited geographical area, in the island of Sri Lanka. Picking occurs all year long, through different regions and seasons – no dormant period. Plucking standards adapt to that seasonal variability, but only healthy tea shoots have to be plucked. The table below gives the three levels of quality of green leaf, that can be measured on a weight basis (Weight of Standard Leaves/Total Sample Weight * 100) as a percentage (%). The best leaves are defined as tender leaves and a bud or immature dormant shoot – undamaged as per the table. Sri Lankan Tea Industry Plucking Standards Description Best (standard tender leaves) Tender shoots (all 2L + 3L + Dormant) - Undamaged Below Best (damaged tender leaves) Tender shoots (all 2L + 3L + Dormant) - Damaged Poor (coarse leaves) Coarse leaf and mature stem parts Figure: from up to down: best, below best, poor leaves 15 16 4/ Specific steps in production that must take place in the identified geographical area 4.1/ Tea cultivation 0. The tea is cultivated in the tea gardens of the delimitated geographical area of the island of Sri Lanka. 1. Tea species are exclusively Camelia sinensis. 2. Tea bushes are either multiplied by vegetative propagation (VPs) or seedlings. 3. Tea gardens must be well maintained through good agricultural practices. 4. All new planting and replanting of seedlings or VPs should ensure good shade management. Shade trees are important element of tea gardens as they simulate forest conditions, which are the natural habitat of tea. Shade trees provide additional environmental co-benefits important for the sustainability of tea gardens, especially in the context of climate change. 5. Weed management must follow the Integrated Weed Management (IWM) system. Herbicides/weedicides/pesticides use must respect a minimum interval of one week before","['SLTB', '2024 (posting)', 'official document', 'region', 'history', 'processing']",Sri Lanka Tea Board (SLTB),SLTEA-013,1864,300,20,6,green fresh tea leaves grown in the delimited geographical area in the island of sri lanka. picking occurs all year long through different regions and seasons no dormant period. plucking standards adapt to that seasonal variability but only healthy tea shoots have to be plucked. the table below gives the three levels of quality of green leaf that can be measured on a weight basis weight of standard leaves total sample weight 100 as a percentage . the best leaves are defined as tender leaves and a bud or immature dormant shoot undamaged as per the table. sri lankan tea industry plucking standards description best standard tender leaves tender shoots all 2l 3l dormant - undamaged below best damaged tender leaves tender shoots all 2l 3l dormant - damaged poor coarse leaves coarse leaf and mature stem parts figure from up to down best below best poor leaves 15 16 4 specific steps in production that must take place in the identified geographical area 4.1 tea cultivation 0. the tea is cultivated in the tea gardens of the delimitated geographical area of the island of sri lanka. 1. tea species are exclusively camelia sinensis. 2. tea bushes are either multiplied by vegetative propagation vps or seedlings. 3. tea gardens must be well maintained through good agricultural practices. 4. all new planting and replanting of seedlings or vps should ensure good shade management. shade trees are important element of tea gardens as they simulate forest conditions which are the natural habitat of tea. shade trees provide additional environmental co-benefits important for the sustainability of tea gardens especially in the context of climate change. 5. weed management must follow the integrated weed management iwm system. herbicides weedicides pesticides use must respect a minimum interval of one week before
SLTEA_024,region,Specification – Ceylon tea (Part 9),"harvest (Pre-Harvest Interval). The Integrated Weed Management (IWM) approach includes preventive, manual, biological, cultural, mechanical and chemical methods (in rotation) as defined by the most current TRI circular on Weed Management. Tea gardens must limit chemical weeding to levels of inputs and application frequency as defined by the up-to-date version of the TRI advisory circular on Chemical control of weeds in tea lands. 4.2/ Plucking 0. The tea bushes are plucked at required intervals of 6 to 10 days to ensure a regular renewal of juvenile leaves and a bud. 1. Plucking can be done by hand or by a mechanical device. A sub-labelling of “Hand plucked” can be used for tea that is 100% hand plucked. 2. Plucking standard is systematically determined at factory gate according to the three categories of plucking standards defined in the “quality of the raw material” (part 3.2) 4.3/ Transport of green leaf 0. The green leaves must be transported in a way to preserve the quality of the leaves from farm gate (or collection point) to factory. 1. Green leaves must be delivered to the factory before 8:30PM on the same day they have been plucked. 2. Green leaf transport must be done with one or more approved containers recommended by the Tea Commissioner if located from and more than 5 km from the factory: 1. Plastic crates with a maximum load of 20 kg. 17 2. Coir sacks (80cm x 65cm - minimum size) with a maximum load of 18 kg. 3. Nylon sacks (90cm x 70cm) with a maximum load of 20 kg. 4. Transport vehicles must be adapted and equipped for the transport of fresh green tea leaves. Collection lorries must be ventilated and equipped with racks and/or shelves for sacks handling. There should also be protection against the rain.","['SLTB', '2024 (posting)', 'official document', 'region', 'history', 'processing']",Sri Lanka Tea Board (SLTB),SLTEA-013,1748,300,24,6,harvest pre-harvest interval . the integrated weed management iwm approach includes preventive manual biological cultural mechanical and chemical methods in rotation as defined by the most current tri circular on weed management. tea gardens must limit chemical weeding to levels of inputs and application frequency as defined by the up-to-date version of the tri advisory circular on chemical control of weeds in tea lands. 4.2 plucking 0. the tea bushes are plucked at required intervals of 6 to 10 days to ensure a regular renewal of juvenile leaves and a bud. 1. plucking can be done by hand or by a mechanical device. a sub-labelling of hand plucked can be used for tea that is 100 hand plucked. 2. plucking standard is systematically determined at factory gate according to the three categories of plucking standards defined in the quality of the raw material part 3.2 4.3 transport of green leaf 0. the green leaves must be transported in a way to preserve the quality of the leaves from farm gate or collection point to factory. 1. green leaves must be delivered to the factory before 8 30pm on the same day they have been plucked. 2. green leaf transport must be done with one or more approved containers recommended by the tea commissioner if located from and more than 5 km from the factory 1. plastic crates with a maximum load of 20 kg. 17 2. coir sacks 80cm x 65cm - minimum size with a maximum load of 18 kg. 3. nylon sacks 90cm x 70cm with a maximum load of 20 kg. 4. transport vehicles must be adapted and equipped for the transport of fresh green tea leaves. collection lorries must be ventilated and equipped with racks and or shelves for sacks handling. there should also be protection against the rain.
SLTEA_025,region,Specification – Ceylon tea (Part 10),"They must be without any contamination. Figure: Green leaves collector lorries 4.4/ Processing All steps of processing of tea shall take place in the delimited area of the geographical indication ‘Ceylon tea’. There are different types of tea commonly manufactured in the region: 0. Black tea: pure Orthodox, Orthodox-Rotorvane, CTC 1. Green tea 2. White tea, silver tips, golden tips 4.4.1/ Black tea Black tea is produced from the green leaves, by the following processes - notably withering, leaf maceration, aeration and drying. There are 3 sub-categories of black tea, each based on a type of manufacturing: 1. Orthodox black tea, which produces leafy and broken tea grades 2. Orthodox-Rotorvane black tea, which produces broken tea grades 3. CTC (Cut, tear, curl), which produces predominantly small and even tea grades Withering: upon arrival at the factory, the leaves are checked for quality (cf. 3.2) and the required quantity is weighed and loaded on withering troughs. Air is passed through the bed of leaves to reduce its moisture content to 55 – 60% (w/w, wet basis) in Pure Orthodox & Orthodox-Rotorvane type of manufacturing and 18 to 68-70% (w/w, wet basis) in CTC manufacturing. A minimum of 6 hours of withering is required for necessary chemical changes in leaves. Figure: leaf quality check Figure: withering lines: Rolling: the withered leaves are then transferred/directed from the withering section to the rolling section. They are then twisted, which, by subjecting the withered leaves to a rolling movement under pressure, twist the leaves, rupture the cells and release cell sap, promoting oxidation and accelerating pigmentation. 19 For the production of Orthodox-Rotorvane black tea, a slight variation happens at the rolling step where Rotorvanes are used to macerate the leaves after the step of rolling in orthodox roller. For the production of CTC black tea,","['SLTB', '2024 (posting)', 'official document', 'region', 'history', 'processing']",Sri Lanka Tea Board (SLTB),SLTEA-013,1891,300,17,6,they must be without any contamination. figure green leaves collector lorries 4.4 processing all steps of processing of tea shall take place in the delimited area of the geographical indication ceylon tea . there are different types of tea commonly manufactured in the region 0. black tea pure orthodox orthodox-rotorvane ctc 1. green tea 2. white tea silver tips golden tips 4.4.1 black tea black tea is produced from the green leaves by the following processes - notably withering leaf maceration aeration and drying. there are 3 sub-categories of black tea each based on a type of manufacturing 1. orthodox black tea which produces leafy and broken tea grades 2. orthodox-rotorvane black tea which produces broken tea grades 3. ctc cut tear curl which produces predominantly small and even tea grades withering upon arrival at the factory the leaves are checked for quality cf. 3.2 and the required quantity is weighed and loaded on withering troughs. air is passed through the bed of leaves to reduce its moisture content to 55 60 w w wet basis in pure orthodox orthodox-rotorvane type of manufacturing and 18 to 68-70 w w wet basis in ctc manufacturing. a minimum of 6 hours of withering is required for necessary chemical changes in leaves. figure leaf quality check figure withering lines rolling the withered leaves are then transferred directed from the withering section to the rolling section. they are then twisted which by subjecting the withered leaves to a rolling movement under pressure twist the leaves rupture the cells and release cell sap promoting oxidation and accelerating pigmentation. 19 for the production of orthodox-rotorvane black tea a slight variation happens at the rolling step where rotorvanes are used to macerate the leaves after the step of rolling in orthodox roller. for the production of ctc black tea
SLTEA_026,region,Specification – Ceylon tea (Part 11),"the withered leaves are preconditioned in Rotorvane followed by successive CTC machines arranged in series. Figure: Rolling machine Figure: Rotorvane machine Aeration: The leaves are then moved to the aeration area and spread at desired thickness on tables or floor or machine under a controlled humid environment for completeness of aeration reactions. It allows the rolled leaves to develop the desired flavour and colour. The optimum aeration period and temperature of aerating tea are decided by a prediction and correction method mastered by the factory staff to achieve the desired flavour and liquor characteristics. 20 Figure: Aeration Firing/drying: The firing/drying step arrests fermentation and brings down the moisture content to a maximum of 3% (w/w, wet basis) for the sake of stability during storage. Figure: Firing machine Sorting/ grading: The tea is sorted to different grades according to size, shape and density, cleaned to present them in the most attractive and acceptable manner and prepared for marketing and transport. These grades are finally invoiced and must be packed in paper or paper board sacks with the SLS logo. 21 Figure: Sorting of the tea and packed tea 4.4.2/ Green tea Green tea is produced from the green leaves, by the following processes - notably fixing (panning or steaming), rolling, drying and grading. Panning or steaming: The objective of panning or steaming is to inactivate the enzymes of the fresh tea leaves through exposure to desired high temperature. Panning consists of tossing the leaves on a heated surface while steaming involves exposing the tea leaves to steam. As a result, it arrests fermentation/oxidation. The leaf temperature is reduced and surface moisture is removed. Figure: Panning system Rolling: Leaves are then subjected to rolling in suitable rollers to achieve the desired/ required shape. Firing/drying: This reduces the moisture to the desired level","['SLTB', '2024 (posting)', 'official document', 'region', 'history', 'processing']",Sri Lanka Tea Board (SLTB),SLTEA-013,1928,300,14,6,the withered leaves are preconditioned in rotorvane followed by successive ctc machines arranged in series. figure rolling machine figure rotorvane machine aeration the leaves are then moved to the aeration area and spread at desired thickness on tables or floor or machine under a controlled humid environment for completeness of aeration reactions. it allows the rolled leaves to develop the desired flavour and colour. the optimum aeration period and temperature of aerating tea are decided by a prediction and correction method mastered by the factory staff to achieve the desired flavour and liquor characteristics. 20 figure aeration firing drying the firing drying step arrests fermentation and brings down the moisture content to a maximum of 3 w w wet basis for the sake of stability during storage. figure firing machine sorting grading the tea is sorted to different grades according to size shape and density cleaned to present them in the most attractive and acceptable manner and prepared for marketing and transport. these grades are finally invoiced and must be packed in paper or paper board sacks with the sls logo. 21 figure sorting of the tea and packed tea 4.4.2 green tea green tea is produced from the green leaves by the following processes - notably fixing panning or steaming rolling drying and grading. panning or steaming the objective of panning or steaming is to inactivate the enzymes of the fresh tea leaves through exposure to desired high temperature. panning consists of tossing the leaves on a heated surface while steaming involves exposing the tea leaves to steam. as a result it arrests fermentation oxidation. the leaf temperature is reduced and surface moisture is removed. figure panning system rolling leaves are then subjected to rolling in suitable rollers to achieve the desired required shape. firing drying this reduces the moisture to the desired level
SLTEA_027,region,Specification – Ceylon tea (Part 12),"while fixing the shape of the leaf through exposure to the desired high temperature. 22 4.4.3/ White tea, silver tips, golden tips Ceylon white tea, silver tips and golden tips are processed from tea leaves and buds only. Drying: This reduces the moisture to the desired level. 4.5/ Grading of teas The tea is sorted into different grades at the factory. The tea is sorted into different grades according to size, shape, and density, is then cleaned and prepared for marketing and transport. These grades are finally invoiced and must be packed in paper or paper board sacks with the SLS logo. The moisture content of the end-product at the factory gate should not exceed 6.5% (w/w, wet basis). 4.6/ Blending of teas ‘Ceylon tea’ can be a blend of different teas from Sri Lanka complying with the present Specifications and originating from the geographical area. Such blending of teas from Sri Lanka must be carried out in Sri Lanka. 4.7/ Flavouring ‘Ceylon tea’ can be flavoured with the maximum amount of flavouring components not exceeding 25% of the total weight of the final product. Flavouring of ‘Ceylon tea’ can only be done in Sri Lanka. 4.8/ Final packing The tea sold under the name ‘Ceylon tea’ must be packed within Sri Lanka. Consumer packaging takes place in Sri Lanka, thus guaranteeing not only the product’s authenticity, but also that it retains its qualities and characteristics and at the same time protecting the ‘Ceylon tea’ geographical indication. Moreover, given the miscible nature of the tea, the obligation to package the tea in Sri Lanka guarantees its traceability and origin. To be released to the market for consumption, the tea can be packaged in any form. Only the packs containing 100% ‘Ceylon tea’, as defined in the present specifications and compliant","['SLTB', '2024 (posting)', 'official document', 'region', 'history', 'processing']",Sri Lanka Tea Board (SLTB),SLTEA-013,1791,300,16,6,while fixing the shape of the leaf through exposure to the desired high temperature. 22 4.4.3 white tea silver tips golden tips ceylon white tea silver tips and golden tips are processed from tea leaves and buds only. drying this reduces the moisture to the desired level. 4.5 grading of teas the tea is sorted into different grades at the factory. the tea is sorted into different grades according to size shape and density is then cleaned and prepared for marketing and transport. these grades are finally invoiced and must be packed in paper or paper board sacks with the sls logo. the moisture content of the end-product at the factory gate should not exceed 6.5 w w wet basis . 4.6 blending of teas ceylon tea can be a blend of different teas from sri lanka complying with the present specifications and originating from the geographical area. such blending of teas from sri lanka must be carried out in sri lanka. 4.7 flavouring ceylon tea can be flavoured with the maximum amount of flavouring components not exceeding 25 of the total weight of the final product. flavouring of ceylon tea can only be done in sri lanka. 4.8 final packing the tea sold under the name ceylon tea must be packed within sri lanka. consumer packaging takes place in sri lanka thus guaranteeing not only the product s authenticity but also that it retains its qualities and characteristics and at the same time protecting the ceylon tea geographical indication. moreover given the miscible nature of the tea the obligation to package the tea in sri lanka guarantees its traceability and origin. to be released to the market for consumption the tea can be packaged in any form. only the packs containing 100 ceylon tea as defined in the present specifications and compliant
SLTEA_028,region,Specification – Ceylon tea (Part 13),"with ISO 3720/ ISO 11287 and/or SLS 135 standards, Tea Board standards/guidelines and, conforming to the relevant specifications for content and packing requirements established by Sri Lankan food authorities and the Sri Lanka Tea Board, will be eligible to use the words ‘Ceylon tea’. 4.9/ Specific rules concerning labelling of the product to which the registered name refers The words ‘Ceylon tea’ must appear on a prominent manner in each final consumer package. 23 5/ Concise definition of the geographical area The area for tea cultivation and processing is the 13 districts as defined in map below: - Badulla - Colombo - Galle - Hambantota - Kalutara - Kandy - Kegalle - Kurunegala - Matale - Matara - Moneragala - Nuwara Eliya - Ratnapura Blending, flavouring and packing are allowed within the entire island of Sri Lanka. 24 6/ Link with the geographical area 6.1/ Specificities of the product Tea cultivation in Sri Lanka succeeded that of coffee which was introduced to the then British colony of Ceylon in the 1840s. A blight, also called the coffee rust, showed first signs in 1869 and subsequently wiped out the coffee production in the span of a decade1. Witnessing the devastating effects of the coffee rust, coffee planters soon started looking for an alternative commercial crop. After years of experimental cultivation and processing of tea at the border of his coffee estate of Loolecandera near Kandy and attempts to match the know-how of Assam tea planters, the Scottish planter James Taylor established the first commercial tea plantation in 1867. He was the first planter in Ceylon to succeed with tea but he was not the first to try. Though records are scant, there is evidence that the cultivation of tea plants imported from China was attempted as early as 18242. Tea presented","['SLTB', '2024 (posting)', 'official document', 'region', 'history', 'processing']",Sri Lanka Tea Board (SLTB),SLTEA-013,1804,300,10,6,with iso 3720 iso 11287 and or sls 135 standards tea board standards guidelines and conforming to the relevant specifications for content and packing requirements established by sri lankan food authorities and the sri lanka tea board will be eligible to use the words ceylon tea . 4.9 specific rules concerning labelling of the product to which the registered name refers the words ceylon tea must appear on a prominent manner in each final consumer package. 23 5 concise definition of the geographical area the area for tea cultivation and processing is the 13 districts as defined in map below - badulla - colombo - galle - hambantota - kalutara - kandy - kegalle - kurunegala - matale - matara - moneragala - nuwara eliya - ratnapura blending flavouring and packing are allowed within the entire island of sri lanka. 24 6 link with the geographical area 6.1 specificities of the product tea cultivation in sri lanka succeeded that of coffee which was introduced to the then british colony of ceylon in the 1840s. a blight also called the coffee rust showed first signs in 1869 and subsequently wiped out the coffee production in the span of a decade1. witnessing the devastating effects of the coffee rust coffee planters soon started looking for an alternative commercial crop. after years of experimental cultivation and processing of tea at the border of his coffee estate of loolecandera near kandy and attempts to match the know-how of assam tea planters the scottish planter james taylor established the first commercial tea plantation in 1867. he was the first planter in ceylon to succeed with tea but he was not the first to try. though records are scant there is evidence that the cultivation of tea plants imported from china was attempted as early as 18242. tea presented
SLTEA_029,region,Specification – Ceylon tea (Part 14),"numerous advantages. Tea bushes are well-suited to tropical climate and hilly topography of the island and public and private existing infrastructure, initially geared to the requirements of the coffee enterprise, could be adapted rapidly to serve the needs of tea. By the end of the century, the emerging tea industry soon surpassed all successes of its coffee predecessor in terms of export volumes, revenues and area under cultivation3. 6.2/ Historical reputation of ‘Ceylon tea’ 6.2.1/ ‘Ceylon tea’ name Under British rule, from 1815 to 1948, Sri Lanka was known as Ceylon, a name it kept for nearly a quarter-century after independence. The English name Ceylon is derived from Sihala, which is a poor rendering of the Sinhalese name of the island. The Arabic name(s) – Serendip, Serendiv, Singaldip - is derived from Sinhaladvipa. Similarly, the Greek name – Sheelan, Sielen Diva and ‘Salike’ also derived from the name Sinhala - the land of the Sinhalas. From the name Sielen, many European forms were derived: the Portuguese Ceilão, Spanish Ceilán, Dutch Zeilan, Ceilan, Seylon; French Selon, Ceylan and the Latin Zeylan. Ceylon gained independence on the 4 February 1948. In 1972, a new constitution was enacted, and Ceylon became the Democratic Socialist Republic of Sri Lanka. However, the name ‘Ceylon’ remained for the most famous national ‘brands’, such as tea or cinnamon. Indeed, the name ‘Ceylon tea’ has been used in trade since the 1880s4. At present, the Sri Lanka tea industry involves more than 397,233 smallholdings (2005) and 328 tea estates (293 in RPCs & 35 in States) (MAPI, 2018); 1,596 registered tea leaf dealers; 782 active registered factories; 8 registered tea brokers; 386 registered tea exporters and 189 registered packers (Sri Lanka Tea Board (SLTB, 2022)). 1 History of Ceylon Tea | Sri Lanka Tea Board. https://www.srilankateaboard.lk/ceylon-tea/history-of-ceylon-tea/. Consulted the","['SLTB', '2024 (posting)', 'official document', 'region', 'history', 'processing']",Sri Lanka Tea Board (SLTB),SLTEA-013,1921,300,16,6,numerous advantages. tea bushes are well-suited to tropical climate and hilly topography of the island and public and private existing infrastructure initially geared to the requirements of the coffee enterprise could be adapted rapidly to serve the needs of tea. by the end of the century the emerging tea industry soon surpassed all successes of its coffee predecessor in terms of export volumes revenues and area under cultivation3. 6.2 historical reputation of ceylon tea 6.2.1 ceylon tea name under british rule from 1815 to 1948 sri lanka was known as ceylon a name it kept for nearly a quarter-century after independence. the english name ceylon is derived from sihala which is a poor rendering of the sinhalese name of the island. the arabic name s serendip serendiv singaldip - is derived from sinhaladvipa. similarly the greek name sheelan sielen diva and salike also derived from the name sinhala - the land of the sinhalas. from the name sielen many european forms were derived the portuguese ceil o spanish ceil n dutch zeilan ceilan seylon french selon ceylan and the latin zeylan. ceylon gained independence on the 4 february 1948. in 1972 a new constitution was enacted and ceylon became the democratic socialist republic of sri lanka. however the name ceylon remained for the most famous national brands such as tea or cinnamon. indeed the name ceylon tea has been used in trade since the 1880s4. at present the sri lanka tea industry involves more than 397 233 smallholdings 2005 and 328 tea estates 293 in rpcs 35 in states mapi 2018 1 596 registered tea leaf dealers 782 active registered factories 8 registered tea brokers 386 registered tea exporters and 189 registered packers sri lanka tea board sltb 2022 . 1 history of ceylon tea sri lanka tea board. https www.srilankateaboard.lk ceylon-tea history-of-ceylon-tea . consulted the
SLTEA_030,region,Specification – Ceylon tea (Part 15),"04/03/2024 2 History of Ceylon Tea | Sri Lanka Tea Board. https://www.srilankateaboard.lk/ceylon-tea/history-of-ceylon-tea/. Consulted the 04/03/2024 3 History of Ceylon Tea | Sri Lanka Tea Board. https://www.srilankateaboard.lk/ceylon-tea/history-of-ceylon-tea/. Consulted the 04/03/2024 4 Oldest Historical News Snippets - History of Ceylon Tea. https://www.historyofceylontea.com/ceylon-publications/newspaper-archives/news-archive/#melbourne-international-exhibition-awards-tea-i-269%20and%20https://www.historyofceylontea.com/ceylon-publications/newspaper-archives/news-. Consulted the 04/03/2024 25 6.2.2/ ‘Ceylon teas’ ‘Ceylon tea’ is traditionally recognized for the quality of its orthodox black tea but the production branched out to a variety of products. With the increase of ready-to-drink consumption in Western markets, the first instant tea factory opened in 1983. The other colours of ‘Ceylon tea’ saw their reputation increasing with time. Ceylon golden tips rapidly became a rare good. In 1891, a lot produced by Gartmore estate was knocked down at £25 10s per lb at the Mincing Lane auction in London. The first attempt at commercializing green tea took place at the turn of the 19th century to conquer the American market. The production of green tea was also subsidized through what was called the Green Tea Bonus, which gave 10% bonus for every pound exported. The trend was picked up by planters who soon realized that black tea was also appreciated by the American pallet. Thus, exports of green tea slowly decreased until they ceased in 1936. The production and export of green tea then resumed in 19825. 6.2.3/ Early recognition of ‘Ceylon tea’ quality: strength, flavours, aroma and purity As ‘Ceylon tea’ entered international markets, it quickly gained great consideration for its quality, as shown by numerous newspaper articles and advertisements from that time. In 1881, several ‘Ceylon tea’ estates were awarded the first order of merit at the Melbourne international exhibition awards for their orange and flowery pekoes - Oldest Historical News Snippets - History of Ceylon tea. The press did not spare enthusiasm about the impressive quality","['SLTB', '2024 (posting)', 'official document', 'region', 'history', 'processing']",Sri Lanka Tea Board (SLTB),SLTEA-013,2178,300,19,6,04 03 2024 2 history of ceylon tea sri lanka tea board. https www.srilankateaboard.lk ceylon-tea history-of-ceylon-tea . consulted the 04 03 2024 3 history of ceylon tea sri lanka tea board. https www.srilankateaboard.lk ceylon-tea history-of-ceylon-tea . consulted the 04 03 2024 4 oldest historical news snippets - history of ceylon tea. https www.historyofceylontea.com ceylon-publications newspaper-archives news-archive melbourne-international-exhibition-awards-tea-i-269 20and 20https www.historyofceylontea.com ceylon-publications newspaper-archives news-. consulted the 04 03 2024 25 6.2.2 ceylon teas ceylon tea is traditionally recognized for the quality of its orthodox black tea but the production branched out to a variety of products. with the increase of ready-to-drink consumption in western markets the first instant tea factory opened in 1983. the other colours of ceylon tea saw their reputation increasing with time. ceylon golden tips rapidly became a rare good. in 1891 a lot produced by gartmore estate was knocked down at 25 10s per lb at the mincing lane auction in london. the first attempt at commercializing green tea took place at the turn of the 19th century to conquer the american market. the production of green tea was also subsidized through what was called the green tea bonus which gave 10 bonus for every pound exported. the trend was picked up by planters who soon realized that black tea was also appreciated by the american pallet. thus exports of green tea slowly decreased until they ceased in 1936. the production and export of green tea then resumed in 19825. 6.2.3 early recognition of ceylon tea quality strength flavours aroma and purity as ceylon tea entered international markets it quickly gained great consideration for its quality as shown by numerous newspaper articles and advertisements from that time. in 1881 several ceylon tea estates were awarded the first order of merit at the melbourne international exhibition awards for their orange and flowery pekoes - oldest historical news snippets - history of ceylon tea. the press did not spare enthusiasm about the impressive quality
SLTEA_031,region,Specification – Ceylon tea (Part 16),"of ‘Ceylon tea’. In 1891, the newspaper The Queenslander featured news from the London auction, which advertised receiving a ‘Ceylon tea’ consignment of superb quality: “recently a consignment of Ceylon tea of superb quality was put for sale in the city of London, which experts pronounced to be the finest article of the kind ever offered under the hammer”. The figure below is from an 1896 advertisement for ‘Ceylon tea’ advocating for the strength, the flavour, the aroma and purity of ‘Ceylon tea’6. The first international efforts at promotion began in the 1890s, as soon as an adequate supply of tea for export could be assured. ‘Ceylon tea’ was heavily promoted at various British Empire trade expositions, the Chicago World’s Fair in 1893 and, most effectively of all, at the Paris Exposition of 1900. In addition, numerous manufacturers and exporters also promoted ‘Ceylon tea’ along with their brands7. 5“The Glorious History of Ceylon Tea”. Lumbini Tea Valley Ceylon, 31 October 2019, https://lumbiniteavalley.com/blogs/teas/the-glorious-history-of-ceylon-tea. 6 Oldest Historical News Snippets - History of Ceylon Tea. https://www.historyofceylontea.com/ceylon-publications/newspaper-archives/news-archive/#melbourne-international-exhibition-awards-tea-i-269%20and%20https://www.historyofceylontea.com/ceylon-publications/newspaper-archives/news-. Consulted the 04/03/2024 7 History of Ceylon Tea | Sri Lanka Tea Board. https://www.srilankateaboard.lk/ceylon-tea/history-of-ceylon-tea/. Consulted the 04/03/2024 26 6.2.4/ Growing ‘Ceylon tea’ reputation worldwide: The “Ceylon tea Propaganda Board”, the ancestor of today’s Sri Lanka Tea Board was established under British rule in 1932 as a privately funded initiative by the Propaganda Ordinance No.19. The Ceylon tea Propaganda Board became a fundamental mean of marketing and promotion of ‘Ceylon tea’ in Ceylon and all around the world. In the mid-1950s, the Ceylon tea Propaganda Board ran a domestic promotion campaign and deployed an itinerant caravan service across the island. Abroad, the local offices of the Ceylon tea Propaganda Board called the ‘Bureaux’ were in-charge of promoting the qualities of ‘Ceylon tea’ to the world8. Title: Try the","['SLTB', '2024 (posting)', 'official document', 'region', 'history', 'processing']",Sri Lanka Tea Board (SLTB),SLTEA-013,2218,300,17,6,of ceylon tea . in 1891 the newspaper the queenslander featured news from the london auction which advertised receiving a ceylon tea consignment of superb quality recently a consignment of ceylon tea of superb quality was put for sale in the city of london which experts pronounced to be the finest article of the kind ever offered under the hammer . the figure below is from an 1896 advertisement for ceylon tea advocating for the strength the flavour the aroma and purity of ceylon tea 6. the first international efforts at promotion began in the 1890s as soon as an adequate supply of tea for export could be assured. ceylon tea was heavily promoted at various british empire trade expositions the chicago world s fair in 1893 and most effectively of all at the paris exposition of 1900. in addition numerous manufacturers and exporters also promoted ceylon tea along with their brands7. 5 the glorious history of ceylon tea . lumbini tea valley ceylon 31 october 2019 https lumbiniteavalley.com blogs teas the-glorious-history-of-ceylon-tea. 6 oldest historical news snippets - history of ceylon tea. https www.historyofceylontea.com ceylon-publications newspaper-archives news-archive melbourne-international-exhibition-awards-tea-i-269 20and 20https www.historyofceylontea.com ceylon-publications newspaper-archives news-. consulted the 04 03 2024 7 history of ceylon tea sri lanka tea board. https www.srilankateaboard.lk ceylon-tea history-of-ceylon-tea . consulted the 04 03 2024 26 6.2.4 growing ceylon tea reputation worldwide the ceylon tea propaganda board the ancestor of today s sri lanka tea board was established under british rule in 1932 as a privately funded initiative by the propaganda ordinance no.19. the ceylon tea propaganda board became a fundamental mean of marketing and promotion of ceylon tea in ceylon and all around the world. in the mid-1950s the ceylon tea propaganda board ran a domestic promotion campaign and deployed an itinerant caravan service across the island. abroad the local offices of the ceylon tea propaganda board called the bureaux were in-charge of promoting the qualities of ceylon tea to the world8. title try the
SLTEA_032,region,Specification – Ceylon tea (Part 17),"Tangy Today Taste of Quality Ceylon tea. Publication: Australian Women's Weekly, 09 August 1967 – Source: Trove National Library of Australia The Bureaux participated in international events, opened tea centres and produced promotional material. In 1946, the first Ceylon tea Centre was opened in London. In 1953, it hosted an exhibition = ‘Ceylon the beautiful’ - featuring tea and other subjects relating to Ceylon. In 1975, the Ceylon tea Propaganda Board became a part of the newly enacted Sri Lanka Tea Board (SLTB). The promotional efforts resumed and in 1980 and 1982, ‘Ceylon tea’ was the official tea supplier of the Moscow Summer Olympic Games and Brisbane Commonwealth Games9. 6.2.5/ Lion Logo as a symbol of quality In the 1960s, the Lion badge, ancestor of the Lion logo, was already recognized as a symbol of quality and authenticity. It became an identification aid for those looking for the special flavour of ‘Ceylon tea’. The Lion logo, complemented by the words ‘Ceylon tea symbol of quality’ was then registered as a certification mark by the SLTB in 2005. Printed on packs of 100% pure ‘Ceylon tea’, packed in Sri Lanka and under 3kgs, the Lion logo is a quality symbol that is currently registered in 106 countries. 8 History of Ceylon Tea | Sri Lanka Tea Board. https://www.srilankateaboard.lk/ceylon-tea/history-of-ceylon-tea/. Consulted the 04/03/2024 9“The Glorious History of Ceylon Tea “. Lumbini Tea Valley Ceylon, 31 October 2019, https://lumbiniteavalley.com/blogs/teas/the-glorious-history-of-ceylon-tea. 27 6.3/ Current reputation of ‘Ceylon tea’ The reputation of ‘Ceylon tea’ still reaches far beyond the borders of Sri Lanka. The name of this global product is recognized and promoted in all parts of the world thanks to the constant efforts of the Sri Lanka Tea Board to take part in global events. The 150 years of the ‘Ceylon tea’ industry was celebrated in","['SLTB', '2024 (posting)', 'official document', 'region', 'history', 'processing']",Sri Lanka Tea Board (SLTB),SLTEA-013,1896,300,17,6,tangy today taste of quality ceylon tea. publication australian women s weekly 09 august 1967 source trove national library of australia the bureaux participated in international events opened tea centres and produced promotional material. in 1946 the first ceylon tea centre was opened in london. in 1953 it hosted an exhibition ceylon the beautiful - featuring tea and other subjects relating to ceylon. in 1975 the ceylon tea propaganda board became a part of the newly enacted sri lanka tea board sltb . the promotional efforts resumed and in 1980 and 1982 ceylon tea was the official tea supplier of the moscow summer olympic games and brisbane commonwealth games9. 6.2.5 lion logo as a symbol of quality in the 1960s the lion badge ancestor of the lion logo was already recognized as a symbol of quality and authenticity. it became an identification aid for those looking for the special flavour of ceylon tea . the lion logo complemented by the words ceylon tea symbol of quality was then registered as a certification mark by the sltb in 2005. printed on packs of 100 pure ceylon tea packed in sri lanka and under 3kgs the lion logo is a quality symbol that is currently registered in 106 countries. 8 history of ceylon tea sri lanka tea board. https www.srilankateaboard.lk ceylon-tea history-of-ceylon-tea . consulted the 04 03 2024 9 the glorious history of ceylon tea . lumbini tea valley ceylon 31 october 2019 https lumbiniteavalley.com blogs teas the-glorious-history-of-ceylon-tea. 27 6.3 current reputation of ceylon tea the reputation of ceylon tea still reaches far beyond the borders of sri lanka. the name of this global product is recognized and promoted in all parts of the world thanks to the constant efforts of the sri lanka tea board to take part in global events. the 150 years of the ceylon tea industry was celebrated in
SLTEA_033,region,Specification – Ceylon tea (Part 18),"2017. This milestone showed the historical reputation that ‘Ceylon tea’ has upheld for decades and Sri Lanka’s key role as a global tea supplier. Figure: Invitation to ‘Ceylon tea’ Global Tea Party, 06 July 201710 Figure: Global ‘Ceylon tea’ Party, 06 July 2017, Canberra, Australia11 10 “https://twitter.com/srilankaglobal/status/882802792334860288”. X (formerly Twitter), https://twitter.com/srilankaglobal/status/882802792334860288. Consulted the 04/03/2024. 11 Global Ceylon Tea Party Kicks off in Canberra | Daily FT. https://www.ft.lk/travel-tourism/global-ceylon-tea-party-kicks-off-in-canberra/27-626961. Consulted the 04/03/2024. 28 Figure: Global ‘Ceylon tea’ Party in 2017, Ankara, Turkey12 Between 2013 and 2015, the Sri Lanka Tea Board was the official international partner of the Sri Lanka Cricket Team13. In 2022, ‘Ceylon tea’ was the official tea supplier of the Birmingham 2022 Commonwealth Games which attracted about one million spectators, providing the ‘Ceylon tea’ name with international coverage during large-scale sports events14. In 2020, the SLTB was also the sponsor of the Tea Masters Sketch competition, an international competition featuring ‘Ceylon tea’ and promoting tea cultures of the world. In an effort to further spread the ‘Ceylon tea’ brand, the SLTB kicked off its ’Ceylon tea Global Campaign’ at the 28th WorldFood Moscow exhibition in Moscow with great celebrations highlighting ‘Ceylon tea’ and the Sri Lankan culture15. Special attention is given to all ‘Ceylon tea’ products which includes green tea, white tea, silver tips and golden tips. A green tea stall and tea tasting was organized by the Sri Lankan Mission in Australia in 2023 to promote the increasing demand for Ceylon green tea in this market16. Figure: Sri Lankan batsmen Kumar Sangakkara, (left) and Mahela Jayawardene (right) play the West Indies in Kingston, Jamaica. Jersey printed with ‘Ceylon tea’ and the Lion symbol17. 12 The Global Ceylon Tea Party – Ankara Chapter. https://www.srilanka.org.tr/the-global-ceylon-tea-party-ankara-chapter_4-363. Consulted the 04/03/2024 13 Tea Board Gets Sporty as Official International Partner for National Cricket","['SLTB', '2024 (posting)', 'official document', 'region', 'history', 'processing']",Sri Lanka Tea Board (SLTB),SLTEA-013,2168,300,18,6,2017. this milestone showed the historical reputation that ceylon tea has upheld for decades and sri lanka s key role as a global tea supplier. figure invitation to ceylon tea global tea party 06 july 201710 figure global ceylon tea party 06 july 2017 canberra australia11 10 https twitter.com srilankaglobal status 882802792334860288 . x formerly twitter https twitter.com srilankaglobal status 882802792334860288. consulted the 04 03 2024. 11 global ceylon tea party kicks off in canberra daily ft. https www.ft.lk travel-tourism global-ceylon-tea-party-kicks-off-in-canberra 27-626961. consulted the 04 03 2024. 28 figure global ceylon tea party in 2017 ankara turkey12 between 2013 and 2015 the sri lanka tea board was the official international partner of the sri lanka cricket team13. in 2022 ceylon tea was the official tea supplier of the birmingham 2022 commonwealth games which attracted about one million spectators providing the ceylon tea name with international coverage during large-scale sports events14. in 2020 the sltb was also the sponsor of the tea masters sketch competition an international competition featuring ceylon tea and promoting tea cultures of the world. in an effort to further spread the ceylon tea brand the sltb kicked off its ceylon tea global campaign at the 28th worldfood moscow exhibition in moscow with great celebrations highlighting ceylon tea and the sri lankan culture15. special attention is given to all ceylon tea products which includes green tea white tea silver tips and golden tips. a green tea stall and tea tasting was organized by the sri lankan mission in australia in 2023 to promote the increasing demand for ceylon green tea in this market16. figure sri lankan batsmen kumar sangakkara left and mahela jayawardene right play the west indies in kingston jamaica. jersey printed with ceylon tea and the lion symbol17. 12 the global ceylon tea party ankara chapter. https www.srilanka.org.tr the-global-ceylon-tea-party-ankara-chapter 4-363. consulted the 04 03 2024 13 tea board gets sporty as official international partner for national cricket
SLTEA_034,region,Specification – Ceylon tea (Part 19),"Team | Daily FT. https://www.ft.lk/front-page/tea-board-gets-sporty-as-official-international-partner-for-national-cricket-team/44-156584. Consulted the 04/03/2024 14 Ceylon Tea Named Official Tea Supplier – UK Tea and Infusion. https://www.tea.co.uk/news/article/ceylon-tea-named-official-tea-supplier-for-the-birmingham-2022-commonwealth. Consulted the 04/02/2024 15 Ceylon Tea Named Official Tea Supplier – UK Tea and Infusion. https://www.tea.co.uk/news/article/ceylon-tea-named-official-tea-supplier-for-the-birmingham-2022-commonwealth. Consulted the 04/02/2024 16 A Ceylon Tea Stall Set Up to Promote ‘Ceylon Green Tea’ in Australia - Tea With Nipun. https://www.teawithnipun.com/news/a-ceylon-tea-stall-set-up-to-promote-ceylon-green-tea-in-australia/. Consulted 04/03/2024 17 Association, Press. “Sri Lankan Cricketer “Tried to Open Plane Door in Mid-Air””. The Guardian, 2 July 2013. The Guardian, https://www.theguardian.com/world/2013/jul/02/sri-lankan-cricketer-plane-door. Consulted the 02/03/2024 29 Figure: ‘Ceylon tea’, official tea supplier of the Birmingham 2022 Commonwealth Games18 Figure: ‘Ceylon tea’ sponsors Tea Masters Sketch competition, 202019 Figure: Ambassador Jayatilleka inaugurates ‘Ceylon tea’ Global Promotion Campaign in Moscow20 18 Ceylon Tea Named Official Tea Supplier – UK Tea and Infusion. https://www.tea.co.uk/news/article/ceylon-tea-named-official-tea-supplier-for-the-birmingham-2022-commonwealth. Consulted the 04/02/2024 19 “Tea Masters Sketch — Make a Tea Video and Win a Tea Trip!” Tea Masters Cup, https://teamasterscup.com/2020/05/21/tea-masters-sketch-make-a-tea-video-and-win-a-tea-trip/. Consulted the 04/03/2024 20 Ambassador Jayatilleka Inaugurates Ceylon Tea Global Promotion Campaign in Moscow – Ministry of Foreign Affairs – Sri Lanka. https://mfa.gov.lk/ambassador-jayatilleka-inaugurates-ceylon-tea-global-promotion-campaign-in-moscow/. Consulted the 04/03/2024 30 The Sri Lanka Tea Board has been funding exporters and participating in trade fair exhibitions for decades to promote ‘Ceylon tea’. Some of the key exhibitions and fairs include ANUGA in Germany, Prodexpo Moscow in Russia, Gulfood in the UAE, SIAL Canada and China), World Tea Expo, Las Vegas in the United States (US), Food West Africa in Nigeria, Food Taipei in Taiwan, Summer Fancy Food, New York in the US, World Food Istanbul in Turkey, World Food, Moscow in Russia, Foodex Saudi in Saudi Arabia. 21. 6.4/ Specificities of the geographical area: 6.4.1/ Specificities of the Natural Factors The quality of ‘Ceylon tea’ relies on the geography of the delimitated geographical area of ‘Ceylon tea’. The climate, soil and topography","['SLTB', '2024 (posting)', 'official document', 'region', 'history', 'processing']",Sri Lanka Tea Board (SLTB),SLTEA-013,2659,300,21,6,team daily ft. https www.ft.lk front-page tea-board-gets-sporty-as-official-international-partner-for-national-cricket-team 44-156584. consulted the 04 03 2024 14 ceylon tea named official tea supplier uk tea and infusion. https www.tea.co.uk news article ceylon-tea-named-official-tea-supplier-for-the-birmingham-2022-commonwealth. consulted the 04 02 2024 15 ceylon tea named official tea supplier uk tea and infusion. https www.tea.co.uk news article ceylon-tea-named-official-tea-supplier-for-the-birmingham-2022-commonwealth. consulted the 04 02 2024 16 a ceylon tea stall set up to promote ceylon green tea in australia - tea with nipun. https www.teawithnipun.com news a-ceylon-tea-stall-set-up-to-promote-ceylon-green-tea-in-australia . consulted 04 03 2024 17 association press. sri lankan cricketer tried to open plane door in mid-air . the guardian 2 july 2013. the guardian https www.theguardian.com world 2013 jul 02 sri-lankan-cricketer-plane-door. consulted the 02 03 2024 29 figure ceylon tea official tea supplier of the birmingham 2022 commonwealth games18 figure ceylon tea sponsors tea masters sketch competition 202019 figure ambassador jayatilleka inaugurates ceylon tea global promotion campaign in moscow20 18 ceylon tea named official tea supplier uk tea and infusion. https www.tea.co.uk news article ceylon-tea-named-official-tea-supplier-for-the-birmingham-2022-commonwealth. consulted the 04 02 2024 19 tea masters sketch make a tea video and win a tea trip tea masters cup https teamasterscup.com 2020 05 21 tea-masters-sketch-make-a-tea-video-and-win-a-tea-trip . consulted the 04 03 2024 20 ambassador jayatilleka inaugurates ceylon tea global promotion campaign in moscow ministry of foreign affairs sri lanka. https mfa.gov.lk ambassador-jayatilleka-inaugurates-ceylon-tea-global-promotion-campaign-in-moscow . consulted the 04 03 2024 30 the sri lanka tea board has been funding exporters and participating in trade fair exhibitions for decades to promote ceylon tea . some of the key exhibitions and fairs include anuga in germany prodexpo moscow in russia gulfood in the uae sial canada and china world tea expo las vegas in the united states us food west africa in nigeria food taipei in taiwan summer fancy food new york in the us world food istanbul in turkey world food moscow in russia foodex saudi in saudi arabia. 21. 6.4 specificities of the geographical area 6.4.1 specificities of the natural factors the quality of ceylon tea relies on the geography of the delimitated geographical area of ceylon tea . the climate soil and topography
SLTEA_035,region,Specification – Ceylon tea (Part 20),"specificities of the delimitated geographical area gives ‘Ceylon tea’ both physical and organoleptic recognizable characteristics. Located on a tropical island (between 5° 55' to 9° 51' North latitude and between 79° 42' to 81° 53' East longitude) ‘Ceylon tea’ cultivation extends over an altitude gradient ranging from sea level up to high altitudes (above 1200 meters). In the tea sector, it is therefore common to refer first to ‘Ceylon tea’ growing area by their altitude, namely: the “low country” (ranging from sea level to 600m), “mid country” (600m to 1200m) and “up country” (above 1200m). The agro-climatic specificities of ‘Ceylon tea’ are defined by an important diversity in climate in the tea growing areas. This is a signification feature in the wet and intermediate zones of Sri Lanka. The rainfall pattern is distinctly seasonal with two pics. More specifically, rainfalls are paced by the South-West monsoon from May to September, and the North-East monsoon from December to February, followed by inter-monsoonal rains covering the whole island (March-April and October-November). The central mountains act as a divider between those two annual climatic events, which results in different periods of rainfall on either side of the mountains. The amount of rainfall and its distributions are the most important factors that affect the productivity of tea. The number of rainless days in the wet zone is very small compared to the total number of rainy days in a year. In addition, the agro-climatic conditions of the delimited geographical area offer good exposition to solar radiation. The mean annual sunshine duration in the wet zone ranges from 4.9 to 6.4 hours per day depending on the location. The above-mentioned criteria, combined with soil conditions, terrain and land use pattern, defines 46 Agro-Ecological Regions (AERs) for the whole of Sri Lanka (see Map of agro-ecological","['SLTB', '2024 (posting)', 'official document', 'region', 'history', 'processing']",Sri Lanka Tea Board (SLTB),SLTEA-013,1905,300,13,6,specificities of the delimitated geographical area gives ceylon tea both physical and organoleptic recognizable characteristics. located on a tropical island between 5 55 to 9 51 north latitude and between 79 42 to 81 53 east longitude ceylon tea cultivation extends over an altitude gradient ranging from sea level up to high altitudes above 1200 meters . in the tea sector it is therefore common to refer first to ceylon tea growing area by their altitude namely the low country ranging from sea level to 600m mid country 600m to 1200m and up country above 1200m . the agro-climatic specificities of ceylon tea are defined by an important diversity in climate in the tea growing areas. this is a signification feature in the wet and intermediate zones of sri lanka. the rainfall pattern is distinctly seasonal with two pics. more specifically rainfalls are paced by the south-west monsoon from may to september and the north-east monsoon from december to february followed by inter-monsoonal rains covering the whole island march-april and october-november . the central mountains act as a divider between those two annual climatic events which results in different periods of rainfall on either side of the mountains. the amount of rainfall and its distributions are the most important factors that affect the productivity of tea. the number of rainless days in the wet zone is very small compared to the total number of rainy days in a year. in addition the agro-climatic conditions of the delimited geographical area offer good exposition to solar radiation. the mean annual sunshine duration in the wet zone ranges from 4.9 to 6.4 hours per day depending on the location. the above-mentioned criteria combined with soil conditions terrain and land use pattern defines 46 agro-ecological regions aers for the whole of sri lanka see map of agro-ecological
SLTEA_036,region,Specification – Ceylon tea (Part 21),"regions of Sri Lanka (Panabokke and Kannangara, 1975), of which 25 are found to be particularly suitable for ‘Ceylon tea’ production. Today, tea grows in 25 AERs, each experiencing variations from one to another (see Map in the section “Geographical area” above). The complex topography, combined with changing weather patterns over the span of a year, generate favourable conditions for tea cultivation resulting in year-round production. It also creates a diversity of tea growing conditions, which in turn is responsible for the complex taste of ‘Ceylon tea’. 21 Ambassador Jayatilleka Inaugurates Ceylon Tea Global Promotion Campaign in Moscow – Ministry of Foreign Affairs – Sri Lanka. https://mfa.gov.lk/ambassador-jayatilleka-inaugurates-ceylon-tea-global-promotion-campaign-in-moscow/. Consulted the 04/03/2024 31 6.4.2/ Specificities of the Human Factors In addition to the above-mentioned factors, the great reputation of ‘Ceylon tea’ has been built thanks to the continuous efforts of people who, over the years, have developed specific know-how oriented towards quality production at each stage of product processing: plucking, tea manufacturing, auctioning, tea blending and flavouring. Plucking - Most of ‘Ceylon tea’ is harvested or plucked manually. The particular know-how of tea pluckers allows them to select the best leaves to produce quality ‘Ceylon tea’. The tea pluckers master different types of plucking techniques to identify the good leaves to be plucked, foster the productivity of the tea bush and support the maintenance of the tea bushes22. Tea manufacture - The quality of ‘Ceylon tea’ is the result of a dense network of tea factories, which gradually developed a tea manufacturing process to optimize natural, agronomic, logistic and economic conditions. When tea bushes replaced dying coffee plants, tea factories were built on-site to allow processing of raw leaves, in order to maintain their freshness and quality. From then, tea planters started to develop the art of ‘Ceylon tea’ manufacture. Through shared","['SLTB', '2024 (posting)', 'official document', 'region', 'history', 'processing']",Sri Lanka Tea Board (SLTB),SLTEA-013,2047,300,14,6,regions of sri lanka panabokke and kannangara 1975 of which 25 are found to be particularly suitable for ceylon tea production. today tea grows in 25 aers each experiencing variations from one to another see map in the section geographical area above . the complex topography combined with changing weather patterns over the span of a year generate favourable conditions for tea cultivation resulting in year-round production. it also creates a diversity of tea growing conditions which in turn is responsible for the complex taste of ceylon tea . 21 ambassador jayatilleka inaugurates ceylon tea global promotion campaign in moscow ministry of foreign affairs sri lanka. https mfa.gov.lk ambassador-jayatilleka-inaugurates-ceylon-tea-global-promotion-campaign-in-moscow . consulted the 04 03 2024 31 6.4.2 specificities of the human factors in addition to the above-mentioned factors the great reputation of ceylon tea has been built thanks to the continuous efforts of people who over the years have developed specific know-how oriented towards quality production at each stage of product processing plucking tea manufacturing auctioning tea blending and flavouring. plucking - most of ceylon tea is harvested or plucked manually. the particular know-how of tea pluckers allows them to select the best leaves to produce quality ceylon tea . the tea pluckers master different types of plucking techniques to identify the good leaves to be plucked foster the productivity of the tea bush and support the maintenance of the tea bushes22. tea manufacture - the quality of ceylon tea is the result of a dense network of tea factories which gradually developed a tea manufacturing process to optimize natural agronomic logistic and economic conditions. when tea bushes replaced dying coffee plants tea factories were built on-site to allow processing of raw leaves in order to maintain their freshness and quality. from then tea planters started to develop the art of ceylon tea manufacture. through shared
SLTEA_037,region,Specification – Ceylon tea (Part 22),"experience, they developed the principles of the industrialized manufacturing process for ‘Ceylon tea’, adapted to climatic conditions, newly acclimatized tea plants and market requirements (e.g. withering time depending on relative humidity and the quality of the tea leaves, number of rolling revolutions, ideal firing temperature, etc.). Even though technological innovations are constantly springing up in the tea sector, the main manufacturing principles defined in the first half of the 20th century (e.g. “Tea manufacture – its theory and practice in Ceylon” by HJ Moppett 1922 (2nd edition in 1931)), remain accurate today. The tea factories’ machineries are today a patrimonial heritage of the 150-year-old knowledge of craftsmen. The ‘Ceylon tea’ craft is also followed and adapted to a small scale by artisanal manufacturers who produce ‘Ceylon tea’ using a combination of machines and manual techniques. Source: H.J. Moppett, 1922 Then ‘Ceylon tea’ manufacture principles have been consolidated by the Tea Research Institute of Ceylon (TRI), notably through a series of Monographs on Tea production in Ceylon. The N°4 deals with “Tea manufacture in Ceylon”, by the technologist E L. Keegel published in its second edition in 1958, and still counts as a major reference for today’s TRI (cf. TRI Handbook on Tea) 22 TRI field guide book 32 The quality officer of the tea factory is instrumental in ensuring that the manufacturing process is thoroughly executed. He/she is also the holder of the fine knowledge of tea manufacturing. They adapt the duration of the sensitive steps of withering and fermentation/oxidation of the tea leaves depending on the climatic conditions of the day. A rainy day can lengthen the withering time, whereas hot sunny weather speeds up the fermentation/oxidation of the rolled leaves. The quality officer is a tributary of the ‘Ceylon tea’ planter’s and manufacturers’ traditional experience in maintaining and","['SLTB', '2024 (posting)', 'official document', 'region', 'history', 'processing']",Sri Lanka Tea Board (SLTB),SLTEA-013,1951,300,14,6,experience they developed the principles of the industrialized manufacturing process for ceylon tea adapted to climatic conditions newly acclimatized tea plants and market requirements e.g. withering time depending on relative humidity and the quality of the tea leaves number of rolling revolutions ideal firing temperature etc. . even though technological innovations are constantly springing up in the tea sector the main manufacturing principles defined in the first half of the 20th century e.g. tea manufacture its theory and practice in ceylon by hj moppett 1922 2nd edition in 1931 remain accurate today. the tea factories machineries are today a patrimonial heritage of the 150-year-old knowledge of craftsmen. the ceylon tea craft is also followed and adapted to a small scale by artisanal manufacturers who produce ceylon tea using a combination of machines and manual techniques. source h.j. moppett 1922 then ceylon tea manufacture principles have been consolidated by the tea research institute of ceylon tri notably through a series of monographs on tea production in ceylon. the n 4 deals with tea manufacture in ceylon by the technologist e l. keegel published in its second edition in 1958 and still counts as a major reference for today s tri cf. tri handbook on tea 22 tri field guide book 32 the quality officer of the tea factory is instrumental in ensuring that the manufacturing process is thoroughly executed. he she is also the holder of the fine knowledge of tea manufacturing. they adapt the duration of the sensitive steps of withering and fermentation oxidation of the tea leaves depending on the climatic conditions of the day. a rainy day can lengthen the withering time whereas hot sunny weather speeds up the fermentation oxidation of the rolled leaves. the quality officer is a tributary of the ceylon tea planter s and manufacturers traditional experience in maintaining and
SLTEA_038,region,Specification – Ceylon tea (Part 23),"evaluating the quality of the made tea. This know-how further stretches out to an extensive list of grades of ‘Ceylon tea’ manufacturers and other industry stakeholders to identify and adhere. Colombo Auction – The auction system can be considered as part of the cultural heritage that showcases the ‘Ceylon tea’ quality and contributes to its truthful recognition. Tea auctions were first introduced in Colombo in 1883, on the premises of Somerville & Co., a Colombo merchant house, on the basis of those conducted at Mincing Lane in London. By the turn of the century, most of the estates were owned by joint-stock companies, either listed in sterling or in rupee. Shareholders of those companies were British, often far from the plantations. The management in the estates was delegated to ‘management companies’ or ‘agency houses’, which handled the cultivation, processing and sale of tea. In Colombo, the agency houses employed teams of expert tea-tasters to sample and report on the quality of each estate’s produce before it was put up for auction in Colombo or London. The brokers and buyers, too, had their tasters, and it was tasters from both sides who attended the auctions. Once established, the structure of the ‘tea trade’ was little altered. Overseen by trade associations such as the Ceylon Chamber of Commerce (est. 1839) and the Colombo Tea Traders’ Association (est. 1894), it continued to function with little change in operational procedure, management style or ownership structure throughout the colonial period and was British-dominated23. The Colombo tea auction in Sri Lanka now operates as an online platform; the first historical online auction was successfully conducted on 4 April 2020. The bidding process is similar to the physical system - transparency is maintained throughout similar to the original auction process - contributing to steer up the best","['SLTB', '2024 (posting)', 'official document', 'region', 'history', 'processing']",Sri Lanka Tea Board (SLTB),SLTEA-013,1886,300,15,6,evaluating the quality of the made tea. this know-how further stretches out to an extensive list of grades of ceylon tea manufacturers and other industry stakeholders to identify and adhere. colombo auction the auction system can be considered as part of the cultural heritage that showcases the ceylon tea quality and contributes to its truthful recognition. tea auctions were first introduced in colombo in 1883 on the premises of somerville co. a colombo merchant house on the basis of those conducted at mincing lane in london. by the turn of the century most of the estates were owned by joint-stock companies either listed in sterling or in rupee. shareholders of those companies were british often far from the plantations. the management in the estates was delegated to management companies or agency houses which handled the cultivation processing and sale of tea. in colombo the agency houses employed teams of expert tea-tasters to sample and report on the quality of each estate s produce before it was put up for auction in colombo or london. the brokers and buyers too had their tasters and it was tasters from both sides who attended the auctions. once established the structure of the tea trade was little altered. overseen by trade associations such as the ceylon chamber of commerce est. 1839 and the colombo tea traders association est. 1894 it continued to function with little change in operational procedure management style or ownership structure throughout the colonial period and was british-dominated23. the colombo tea auction in sri lanka now operates as an online platform the first historical online auction was successfully conducted on 4 april 2020. the bidding process is similar to the physical system - transparency is maintained throughout similar to the original auction process - contributing to steer up the best
SLTEA_039,region,Specification – Ceylon tea (Part 24),"price for the best quality. Tea Blending and Flavouring – The specificity of ‘Ceylon tea’ is evident in the wide range of tastes and flavours derived from the diversity of the agro-ecological regions in which it is found. As a result, the ‘Ceylon tea’ sector has developed recognized know-how in terms of tea identification and blending, to obtain the desired appearance, qualities and aromatic notes in the final beverage. Tea tasters have an important role in factories and brokers and exporters’ houses. They are specifically trained for quality assessment. Experienced tea tasters can identify defects, their origin and consequently advise the manufacturer regarding over or under firing, over or under fermentation/oxidation, over or under withering, etc. They are also trained to recognise the special regional characters of ‘Ceylon tea’ as well as the wide range of grades. Therefore, like tea factory quality officers, tea tasters are defenders of an origin and taste that make the quality of ‘Ceylon tea’ special. Blends of teas from Sri Lanka and flavouring in Sri Lanka are important features of ‘Ceylon tea’ exporters’ specific know-how. As described earlier, blending of teas from Sri Lanka and flavouring is traditionally done in Sri Lanka to produce ‘Ceylon tea’. It is a currently established practice to flavour the tea. Flavour like bergamot is ancient, whereas botanicals is more recent. Exporters tend to respond to customers’ requests for a specific taste, smell and appearance (colour and shape) of the tea. Exporters build standards, which act as references to respond to those requirements. Blending of teas from Sri Lanka and flavouring therefore 23 History of Ceylon Tea | Sri Lanka Tea Board. https://www.srilankateaboard.lk/ceylon-tea/history-of-ceylon-tea/. Consulted the 04/03/2024 33 fall into a tradition of tailor-made teas, which vary from customer to customer, and from one market to another. Blend sheets are testimonies","['SLTB', '2024 (posting)', 'official document', 'region', 'history', 'processing']",Sri Lanka Tea Board (SLTB),SLTEA-013,1956,300,18,6,price for the best quality. tea blending and flavouring the specificity of ceylon tea is evident in the wide range of tastes and flavours derived from the diversity of the agro-ecological regions in which it is found. as a result the ceylon tea sector has developed recognized know-how in terms of tea identification and blending to obtain the desired appearance qualities and aromatic notes in the final beverage. tea tasters have an important role in factories and brokers and exporters houses. they are specifically trained for quality assessment. experienced tea tasters can identify defects their origin and consequently advise the manufacturer regarding over or under firing over or under fermentation oxidation over or under withering etc. they are also trained to recognise the special regional characters of ceylon tea as well as the wide range of grades. therefore like tea factory quality officers tea tasters are defenders of an origin and taste that make the quality of ceylon tea special. blends of teas from sri lanka and flavouring in sri lanka are important features of ceylon tea exporters specific know-how. as described earlier blending of teas from sri lanka and flavouring is traditionally done in sri lanka to produce ceylon tea . it is a currently established practice to flavour the tea. flavour like bergamot is ancient whereas botanicals is more recent. exporters tend to respond to customers requests for a specific taste smell and appearance colour and shape of the tea. exporters build standards which act as references to respond to those requirements. blending of teas from sri lanka and flavouring therefore 23 history of ceylon tea sri lanka tea board. https www.srilankateaboard.lk ceylon-tea history-of-ceylon-tea . consulted the 04 03 2024 33 fall into a tradition of tailor-made teas which vary from customer to customer and from one market to another. blend sheets are testimonies
SLTEA_040,region,Specification – Ceylon tea (Part 25),"of those practices and are a mandatory document, which must be submitted to the SLTB prior to export. A blend sheet lists the various teas from Sri Lanka that are mixed together, along with flavours and their respective quantity. It is part of the exporter’s expertise to decide which grades can be blended and in which proportion, to replicate a specific, custom-made tea. Blending of teas from Sri Lanka and flavouring are important indicators of quality control of ‘Ceylon tea’ and encapsulate the knowledge that ‘Ceylon tea’ exporters have of their markets, which in turn justify that these two steps must take place in Sri Lanka. 6.4.3/ How the specificities of the geographical area influence those of the product (causal link) Climate, topography and the human knowledge of blending of teas from Sri Lanka gives ‘Ceylon tea’ its characteristics. These factors give the tester of Ceylon black tea a sensation of bitterness, body and acidity while developing an aroma referring to the family of wood and bakery. The tester of green tea, white tea, silver tips and golden tips will find similar sensations but will identify vegetal and marine aroma. 34 7/ Evidence that the product originates in the defined geographical area. Traceability of the ‘Ceylon tea’ is ensured by two mechanisms defined in the Tea Control Act. - All operators involved in the tea value chain must be registered at the public authorities in charge of tea in Sri Lanka - Operators have frequent and mandatory exchanges with Sri Lankan authorities and are compelled to record their operations (especially regarding inputs and outputs of materials) 7.1/ Traceability at the level of tea leaf growers, leaf collectors Tea gardens below 10 acres are under the supervision of the Tea Small Holdings Development Authority (TSHDA) while other tea gardens (Regional Plantation","['SLTB', '2024 (posting)', 'official document', 'region', 'history', 'processing']",Sri Lanka Tea Board (SLTB),SLTEA-013,1847,300,10,6,of those practices and are a mandatory document which must be submitted to the sltb prior to export. a blend sheet lists the various teas from sri lanka that are mixed together along with flavours and their respective quantity. it is part of the exporter s expertise to decide which grades can be blended and in which proportion to replicate a specific custom-made tea. blending of teas from sri lanka and flavouring are important indicators of quality control of ceylon tea and encapsulate the knowledge that ceylon tea exporters have of their markets which in turn justify that these two steps must take place in sri lanka. 6.4.3 how the specificities of the geographical area influence those of the product causal link climate topography and the human knowledge of blending of teas from sri lanka gives ceylon tea its characteristics. these factors give the tester of ceylon black tea a sensation of bitterness body and acidity while developing an aroma referring to the family of wood and bakery. the tester of green tea white tea silver tips and golden tips will find similar sensations but will identify vegetal and marine aroma. 34 7 evidence that the product originates in the defined geographical area. traceability of the ceylon tea is ensured by two mechanisms defined in the tea control act. - all operators involved in the tea value chain must be registered at the public authorities in charge of tea in sri lanka - operators have frequent and mandatory exchanges with sri lankan authorities and are compelled to record their operations especially regarding inputs and outputs of materials 7.1 traceability at the level of tea leaf growers leaf collectors tea gardens below 10 acres are under the supervision of the tea small holdings development authority tshda while other tea gardens regional plantation
SLTEA_041,region,Specification – Ceylon tea (Part 26),"Companies and private gardens, here called “estates”) above 10 acres are under the supervision of the Sri Lanka Tea Board. Finally, a very tiny proportion of the leaves are produced by state-owned estates under the authority of the Ministry of Agriculture and Plantation Industries. Regardless of their size however, all tea gardens are registered with the Tea Land Registration System managed by the SLTB. All quantities of plucked leaves supplied to the tea factory are recorded. If the tea factory is on the same land as the tea garden (for instance estates of Regional Plantation Companies collecting tea leaves from their own estate), the traceability is ensured by internal documents. When the tea garden is independent from the tea factory (this is the case for 78% of the tea leaves that are sourced from gardens under 10 acres), the supply of tea leaves can be done either directly by the tea grower himself, or through a collector, registered at the Sri Lanka Tea Board serving as a middleman between tea garden and factories, or directly by a tea factory employee. Regardless of the collection method used, all operators (tea farmer, collector, and factory employee) record the quantities of leaves supplied since tea leaves are paid according to quantities supplied (for a tea grower) or collected (for collector or factory employee). Collectors must monthly communicate to the SLTB the quantity of leaves received and supplied to factories. They are therefore submitted to a particularly strict and mandatory bookkeeping practice(s). 7.2/ Traceability at the factories level The traceability at factory-level operates on the same basis. All tea factories are registered at the Sri Lanka Tea Board. Factories must record the quantities of leaves received (whether from their own tea gardens, independent tea gardens, or from collectors) and must record all operations tea","['SLTB', '2024 (posting)', 'official document', 'region', 'history', 'processing']",Sri Lanka Tea Board (SLTB),SLTEA-013,1883,300,12,6,companies and private gardens here called estates above 10 acres are under the supervision of the sri lanka tea board. finally a very tiny proportion of the leaves are produced by state-owned estates under the authority of the ministry of agriculture and plantation industries. regardless of their size however all tea gardens are registered with the tea land registration system managed by the sltb. all quantities of plucked leaves supplied to the tea factory are recorded. if the tea factory is on the same land as the tea garden for instance estates of regional plantation companies collecting tea leaves from their own estate the traceability is ensured by internal documents. when the tea garden is independent from the tea factory this is the case for 78 of the tea leaves that are sourced from gardens under 10 acres the supply of tea leaves can be done either directly by the tea grower himself or through a collector registered at the sri lanka tea board serving as a middleman between tea garden and factories or directly by a tea factory employee. regardless of the collection method used all operators tea farmer collector and factory employee record the quantities of leaves supplied since tea leaves are paid according to quantities supplied for a tea grower or collected for collector or factory employee . collectors must monthly communicate to the sltb the quantity of leaves received and supplied to factories. they are therefore submitted to a particularly strict and mandatory bookkeeping practice s . 7.2 traceability at the factories level the traceability at factory-level operates on the same basis. all tea factories are registered at the sri lanka tea board. factories must record the quantities of leaves received whether from their own tea gardens independent tea gardens or from collectors and must record all operations tea
SLTEA_042,region,Specification – Ceylon tea (Part 27),"leaves undergo (withering, rolling, fermenting etc). Every month, factories must send to the SLTB all information about their production: the quantity of leaves received, production output, quantity and use of refuse tea, sales details of the production. The finished product called ‘made tea’ is stored in air and moisture-proof bags, which are gathered into invoices composed of 10 to 40 bags of the same grade. Each bag is tagged with the invoice number and the number of the bag within the invoice. 35 7.3/ Traceability at the level of brokers 90% of the tea produced in Sri Lanka is sold at the auction, through 8 brokers. The 8 brokers are registered at the SLTB and are intermediaries between factories and exporters/local distributors. Once invoices are ready at factory level, the broker collects them and gives a batch number to each invoice (without any change of the content of the invoice). Brokers do not blend, flavour or modify the tea, they just serve as middlemen to introduce this tea at auctions. All the operations of the online auctions (i.e. sale and purchase of tea) are recorded. 7.4/ Traceability at the level of exporters 95% of the tea produced in Sri Lanka is exported. Exporters must be registered at the Sri Lanka Tea Board. Exporters buy tea batches (so the factories’ invoices) at auctions. Most of the tea produced in Sri Lanka, whether exported or not, is blended by exporters with other teas from Sri Lanka. As explained previously, to ensure traceability, exporters must create a blend sheet that records the different teas mixed into one blend. To obtain the authorization to export, exporters must submit this blend sheet to the Sri Lanka Tea Board. 36 8/ Controls The Ministry of Agriculture Plantation Industries (MAPI) of Sri Lanka is the competent authority","['SLTB', '2024 (posting)', 'official document', 'region', 'history', 'processing']",Sri Lanka Tea Board (SLTB),SLTEA-013,1800,300,17,6,leaves undergo withering rolling fermenting etc . every month factories must send to the sltb all information about their production the quantity of leaves received production output quantity and use of refuse tea sales details of the production. the finished product called made tea is stored in air and moisture-proof bags which are gathered into invoices composed of 10 to 40 bags of the same grade. each bag is tagged with the invoice number and the number of the bag within the invoice. 35 7.3 traceability at the level of brokers 90 of the tea produced in sri lanka is sold at the auction through 8 brokers. the 8 brokers are registered at the sltb and are intermediaries between factories and exporters local distributors. once invoices are ready at factory level the broker collects them and gives a batch number to each invoice without any change of the content of the invoice . brokers do not blend flavour or modify the tea they just serve as middlemen to introduce this tea at auctions. all the operations of the online auctions i.e. sale and purchase of tea are recorded. 7.4 traceability at the level of exporters 95 of the tea produced in sri lanka is exported. exporters must be registered at the sri lanka tea board. exporters buy tea batches so the factories invoices at auctions. most of the tea produced in sri lanka whether exported or not is blended by exporters with other teas from sri lanka. as explained previously to ensure traceability exporters must create a blend sheet that records the different teas mixed into one blend. to obtain the authorization to export exporters must submit this blend sheet to the sri lanka tea board. 36 8 controls the ministry of agriculture plantation industries mapi of sri lanka is the competent authority
SLTEA_043,region,Specification – Ceylon tea (Part 28),"in charge of the overall ‘Ceylon tea’ GI control system, as defined in the Tea Control Act. The Ministry of Agriculture and Plantation Industries is headed by a Minister appointed by the Government of the Democratic Socialist Republic of Sri Lanka under the approval of the Parliament. As the competent authority of the Geographical Indication, the Ministry of Agriculture and Plantation Industries delegates its authorities to two control bodies: The Sri Lanka Sri Lanka Tea Board (SLTB) and the Tea Small Holdings Development Authority (TSHDA) are already under the supervision of the Ministry of Agriculture and Plantation and Industries which validates every year their budget and action plan. Moreover, every quarter, the TSHDA and the SLTB report their activities to the Ministry of Agriculture and Plantation and Industries (for instance: number of inspections conducted on the value chain, number of formations delivered, number of advertisement campaigns done). Finally, within the MAPI, a team composed by 6 employees has been appointed to follow the Geographical Indication project. The scope of SLTB’s control activity is under the purview of a dedicated department, located in the central office in Colombo, called the Tea Commissioner division. It is headed by a Tea Commissioner supervising the control activity. At the regional level, this function is delegated to Assistant Tea Commissioners. They manage a team of tea inspectors who inspect tea gardens (with an area larger than 10 acres), the factories and exporters. TSHDA is a public body responsible for small tea growers producing tea on plots of land less than 10 acres. Inspections are conducted by tea inspectors, under purview of regional extension officers, who are themselves supervised by the extension officers of the central office located in Sri Jayewardenepura Kotte, the administrative capital of Sri Lanka. The responsibilities of the SLTB and the TSHDA","['SLTB', '2024 (posting)', 'official document', 'region', 'history', 'processing']",Sri Lanka Tea Board (SLTB),SLTEA-013,1939,300,12,6,in charge of the overall ceylon tea gi control system as defined in the tea control act. the ministry of agriculture and plantation industries is headed by a minister appointed by the government of the democratic socialist republic of sri lanka under the approval of the parliament. as the competent authority of the geographical indication the ministry of agriculture and plantation industries delegates its authorities to two control bodies the sri lanka sri lanka tea board sltb and the tea small holdings development authority tshda are already under the supervision of the ministry of agriculture and plantation and industries which validates every year their budget and action plan. moreover every quarter the tshda and the sltb report their activities to the ministry of agriculture and plantation and industries for instance number of inspections conducted on the value chain number of formations delivered number of advertisement campaigns done . finally within the mapi a team composed by 6 employees has been appointed to follow the geographical indication project. the scope of sltb s control activity is under the purview of a dedicated department located in the central office in colombo called the tea commissioner division. it is headed by a tea commissioner supervising the control activity. at the regional level this function is delegated to assistant tea commissioners. they manage a team of tea inspectors who inspect tea gardens with an area larger than 10 acres the factories and exporters. tshda is a public body responsible for small tea growers producing tea on plots of land less than 10 acres. inspections are conducted by tea inspectors under purview of regional extension officers who are themselves supervised by the extension officers of the central office located in sri jayewardenepura kotte the administrative capital of sri lanka. the responsibilities of the sltb and the tshda
SLTEA_044,region,Specification – Ceylon tea (Part 29),"are not conflicting as both control bodies control different sets of stakeholders. The TSHDA extension officers have no power of constraint. The TSHDA conduct inspections to check compliance with the book of specification and produce an inspection report; the results are sent to the SLTB commissioner division for possible sanction implementation. The SLTB can impose specific sanctions (i.e. specific conditions of return to conformity) to non-compliant stakeholders, depending on a sanctions grid drafted in the control plan which is approved by the MAPI. For coordination and monitoring purposes, upon request, the GI Management Committee in charge of the governance of the GI can consult the status of controls carried out, their results and sanctions applied by both public control bodies. The SLTB commissioner division informs the GI management Committee and the MAPI within one (1) week of any sanction issued against a non-compliant stakeholder. Finally, in the event of a new type or an unusual non-compliance (unanticipated in the sanction grid), the MAPI is responsible for designing the conditions of return to compliance. The stakeholder can appeal a decision regarding non-compliance to the Ministry of Agriculture and Plantation Industries. Figures: Current Control System of Tea – SLTB and TSHDA 37 38 Annexures Annex 1 - ‘Ceylon tea’ traceability flow chart Te a sma l l hol de r – Registered on the Tea Land Registra3o n System (TLRS) Regional planta3o n co mpany / Estates – Registered on the TLRS Collectors – Registered Fac tor ies –Registered Brokers – Registered Exporters –Registered Manda torysub miss ion On ce/mo nth Qu an 3tyof leavescarriedper fac tories Manda torysub miss ion On ce/mo nth Qu an 3ty of in put/output/sto ck Pu blish Te a ca ta l og ue ( onl i ne ) / Lo t num ber / Tea","['SLTB', '2024 (posting)', 'official document', 'region', 'history', 'processing']",Sri Lanka Tea Board (SLTB),SLTEA-013,1817,300,10,6,are not conflicting as both control bodies control different sets of stakeholders. the tshda extension officers have no power of constraint. the tshda conduct inspections to check compliance with the book of specification and produce an inspection report the results are sent to the sltb commissioner division for possible sanction implementation. the sltb can impose specific sanctions i.e. specific conditions of return to conformity to non-compliant stakeholders depending on a sanctions grid drafted in the control plan which is approved by the mapi. for coordination and monitoring purposes upon request the gi management committee in charge of the governance of the gi can consult the status of controls carried out their results and sanctions applied by both public control bodies. the sltb commissioner division informs the gi management committee and the mapi within one 1 week of any sanction issued against a non-compliant stakeholder. finally in the event of a new type or an unusual non-compliance unanticipated in the sanction grid the mapi is responsible for designing the conditions of return to compliance. the stakeholder can appeal a decision regarding non-compliance to the ministry of agriculture and plantation industries. figures current control system of tea sltb and tshda 37 38 annexures annex 1 - ceylon tea traceability flow chart te a sma l l hol de r registered on the tea land registra3o n system tlrs regional planta3o n co mpany estates registered on the tlrs collectors registered fac tor ies registered brokers registered exporters registered manda torysub miss ion on ce mo nth qu an 3tyof leavescarriedper fac tories manda torysub miss ion on ce mo nth qu an 3ty of in put output sto ck pu blish te a ca ta l og ue onl i ne lo t num ber tea
SLTEA_045,region,Specification – Ceylon tea (Part 30),grade / Quan3ty / Gard en mark / Factory If approved by SLTB Tea S mall H oldings Development Authority Manda toryrecording On ce/mo nth/per leafsup plier Qu an 3tyof leaveco llec ted Manda tory recording Name of all leaf supp liers (c ollectors o r direct supp liers) Manda torysub miss ion Blend sheet(fac toryand invoicenumberof each batch used) If approved by SLTB Sri Lanka Tea Board (SLTB)Customs Auc3on (inf orma3c ) Leafre cei p tgivenby collectoror b y the fact ory(if di re ct su ppl y) Leafre cei p tgivenby collectoror b y the fact ory(if di re ct su ppl y) Leaves Leaves Leaves Made Tea - Inv o ic e number - Fa ctory num ber - Te a Gr a d e - Quan7 ty - One invoice per g rade Manda tory recording On ce/mo nth/per leafsup plier (co llec tors or direct s upplier) Qu an 3tyof leavesreceived Made tea Exporta3on Bl end ed tea,"['SLTB', '2024 (posting)', 'official document', 'region', 'history', 'processing']",Sri Lanka Tea Board (SLTB),SLTEA-013,838,163,1,6,grade quan3ty gard en mark factory if approved by sltb tea s mall h oldings development authority manda toryrecording on ce mo nth per leafsup plier qu an 3tyof leaveco llec ted manda tory recording name of all leaf supp liers c ollectors o r direct supp liers manda torysub miss ion blend sheet fac toryand invoicenumberof each batch used if approved by sltb sri lanka tea board sltb customs auc3on inf orma3c leafre cei p tgivenby collectoror b y the fact ory if di re ct su ppl y leafre cei p tgivenby collectoror b y the fact ory if di re ct su ppl y leaves leaves leaves made tea - inv o ic e number - fa ctory num ber - te a gr a d e - quan7 ty - one invoice per g rade manda tory recording on ce mo nth per leafsup plier co llec tors or direct s upplier qu an 3tyof leavesreceived made tea exporta3on bl end ed tea
SLTEA_046,sustainability,DSLS-GAP-TEA (Draft Sri Lanka Standard: Good Agricultural Practices – Tea) (Part 1),"9eoe5o: qqored eeqa;c a8d o:s:p@esn 6lurgl6r0rd 6(DSgj6'ot66n6ur 6LL6Dsn 6l]6Dtsr.l DRAFT STANDARD FOR PUBLIC COMMENT 1e.,.3e. c. ihn 9o,rb!0jn6Lu ""jili;i:.1.'iil,.r,. o,o.o"", 1,,,,s m ori,,""i{*5.jj,; }:o:s or or SlSlirs:*li Dr!ft Sri L!trka St.ndii(l RIjQUInEMENTS rOR COOD ACRtCrULl Urt,\t, pll{ClICES (cAp) tAIiT 9: TEA (l)SLS ls2J -tr ..,..... ) 6.6bJ 5a65rdo5 AeoobiJ Bq6'94D6!6r A8a9 6 e.sr s6!i 66geca 9 05 0so6 | o.{ (!qe,s 1523 - 9:............) ooJ e,?eu,3.,oi 9.64.ro.:o o5r6tc5r r! oo' o 6rE5r o5r5€ ile (.c 6.ir 614 studro56 5,rl6n0Ltr,i scpiuLcdr 5do! oqcliard'tuLcor aLrgr'l nd,.lislroud o1 rrlmdld or trrd 6 r si LrDkr shndrrd 6 e.6r 9e4 qua56, I 7, t5ic.t6.r ourq3. qrCe:.e or.5 oar€n 0r. ASTANIIARDS INSIIIUTION , VIC]ORIA fLAC[. r:r vrTrcA _ v \rl\tHA, aoLollttso 03 o@ 6 .i 5r a96 e6ier. 6 e,5r ,096 FraDo €45r 655 c6!. E!6e .oqljd q6 ace rd&6 €cbd56 .{o d.€ croa. q({ c{ !t av! q&e.bj qdDoil 6) odoc ob oqsu6r ssoa odr . ciob adse ao!!b 6 c6r so, qns6 6aiJ 6cs ao c.o! doob*r obq.6a 6""6oii. 5dq cte6. dF 65ao.r q(r @16r b soob 11306 e5o e., c'oi}'to, ocrrgoobsr +! 3$i cc69. 6oi 3F oailoo 3€o, ol5 6p stoos sl d ao €Drr65r 5o tu c-D5t .!5rg oo 8€-.ca dE6 a€e e3 oM 6!6:rea'@ oad !!er. lhi! Dnft SriLbka Srmdard has ben prepatrd by theSrlLanki Sraidords hsrixtrioi atd h tro* bci'u ciruletd lor techi ictrl commenb to!ll intcr.$ed ponies All com'n.ns rcccived will b€ considcrcd by rh. SI Sl rnd the dran if necc$ary. belorc 5$mission ro ihe Coutrcil of the ln4iturion rhroulh thc rclcvan! Divkion,l coNnne tor final 'rhc I'Liir!.ion would lppccist dny views dn rhh dr.n lvhicli should be sem belbr rhe sn4iiiql drre lr would aso bg hclptulilrhose Lvho fird ihe dnn scn{all} accupkblc couLd ltindlt norily A rconmunicalionsshouLd bc add€sscd io: si Lanka sbnd $ds lni","['2025', 'official document', 'sustainability', 'quality', 'disease/pests']",Sri Lanka government / standards draft (hosted on Plantation & Community Infrastructure Ministry site),SLTEA-014,1787,300,29,5,9eoe5o qqored eeqa c a8d o s p esn 6lurgl6r0rd 6 dsgj6 ot66n6ur 6ll6dsn 6l 6dtsr.l draft standard for public comment 1e. .3e. c. ihn 9o rb 0jn6lu jili i .1. iil .r . o o.o 1 s m ori i 5.jj o s or or slslirs li dr ft sri l trka st.ndii l rijquinements ror cood acrtcrull urt t pll clices cap taiit 9 tea l sls ls2j -tr .. ..... 6.6bj 5a65rdo5 aeoobij bq6 94d6 6r a8a9 6 e.sr s6 i 66geca 9 05 0so6 o. qe s 1523 - 9 ............ ooj e eu 3. oi 9.64.ro. o o5r6tc5r r oo o 6re5r o5r5 ile .c 6.ir 614 studro56 5 rl6n0ltr i scpiulcdr 5do oqcliard tulcor alrgr l nd .lislroud o1 rrlmdld or trrd 6 r si lrdkr shndrrd 6 e.6r 9e4 qua56 i 7 t5ic.t6.r ourq3. qrce .e or.5 oar n 0r. astaniiards insiiiution vic oria flac . r r vrtrca v rl tha aolollttso 03 o 6 .i 5r a96 e6ier. 6 e 5r 096 frado 45r 655 c6 . e 6e .oqljd q6 ace rd 6 cbd56 . o d. croa. q c t av q e.bj qddoil 6 odoc ob oqsu6r ssoa odr . ciob adse ao b 6 c6r so qns6 6aij 6cs ao c.o doob r obq.6a 6 6oii. 5dq cte6. df 65ao.r q r 16r b soob 11306 e5o e. c oi to ocrrgoobsr 3 i cc69. 6oi 3f oailoo 3 o ol5 6p stoos sl d ao drr65r 5o tu c-d5t . 5rg oo 8 -.ca de6 a e e3 om 6 6 rea oad er. lhi dnft srilbka srmdard has ben prepatrd by thesrllanki sraidords hsrixtrioi atd h tro bci u ciruletd lor techi ictrl commenb to ll intcr. ed ponies all com n.ns rcccived will b considcrcd by rh. si sl rnd the dran if necc ary. belorc 5 mission ro ihe coutrcil of the ln4iturion rhroulh thc rclcvan divkion l connne tor final rhc i liir .ion would lppccist dny views dn rhh dr.n lvhicli should be sem belbr rhe sn4iiiql drre lr would aso bg hclptulilrhose lvho fird ihe dnn scn all accupkblc could ltindlt norily a rconmunicalionsshould bc add sscd io si lanka sbnd ds lni
SLTEA_047,sustainability,DSLS-GAP-TEA (Draft Sri Lanka Standard: Good Agricultural Practices – Tea) (Part 2),"irution. Draft Sri Lanka Standard REQUIREMENTS FOR GOOD AGRICULTURAL PRACTICES (GAP) PART 9: TEA DSLS 1523 PART 9: Gr. Copyright Reserved SRI LANKA STANDARDS INSTITUTION No. 17, Victoria Place, Elvitigala Mawatha, Colombo 8, Sri Lanka. DSLS 1523 Part 9: ………. 3 Draft Sri Lanka Standard REQUIREMENTS FOR GOOD AGRICULTURAL PRACTICES (GAP) PART 9: TEA FOREWORD This Standard was approved by the Sectoral Committee on Agriculture and was authorized for adoption and publication as a Sri Lanka Standard by the Council of the Sri Lanka Standards Institution on ……………………….. This standard is one of a series of standards on Good Agricultural Practices (GAP) to be developed. Tea (Camellia sinensis) cultivated, managed, maintained, harvested and processed as a health benefiting and stimulating beverage and a prime trade commodity constitutes an important part of Sri Lankan life and economics being a major export item. In the new trade regime, there are significant divergences in the consumer behavior worldwide with regard to the product they consume. Consumers are increasingly concerned with the conditions in which the products they consume are produced. Therefore, many importing countries and local buyers are now necessitating producers and practitioners to implement Good Agricul tural Practices (GAPs) as a pre-requisite for procurement to ensure quality and safety of the produce. To build trust and recognition of the produce to be accepted both in the domestic and international markets by considering the environment, health and fo od safety of consumers, quality of produce and welfare of the workers, it is appropriate to establish the GAP Standard for tea. The GAP stands on four pillars of economic feasibility, environmental sustainability, social acceptability, and food safety and quality. Therefore, GAP will serve as a guideline for the management of tea value chain aiming at ensuring safety in the crop produce for both domestic","['2025', 'official document', 'sustainability', 'quality', 'disease/pests']",Sri Lanka government / standards draft (hosted on Plantation & Community Infrastructure Ministry site),SLTEA-014,1948,300,14,5,irution. draft sri lanka standard requirements for good agricultural practices gap part 9 tea dsls 1523 part 9 gr. copyright reserved sri lanka standards institution no. 17 victoria place elvitigala mawatha colombo 8 sri lanka. dsls 1523 part 9 . 3 draft sri lanka standard requirements for good agricultural practices gap part 9 tea foreword this standard was approved by the sectoral committee on agriculture and was authorized for adoption and publication as a sri lanka standard by the council of the sri lanka standards institution on .. this standard is one of a series of standards on good agricultural practices gap to be developed. tea camellia sinensis cultivated managed maintained harvested and processed as a health benefiting and stimulating beverage and a prime trade commodity constitutes an important part of sri lankan life and economics being a major export item. in the new trade regime there are significant divergences in the consumer behavior worldwide with regard to the product they consume. consumers are increasingly concerned with the conditions in which the products they consume are produced. therefore many importing countries and local buyers are now necessitating producers and practitioners to implement good agricul tural practices gaps as a pre-requisite for procurement to ensure quality and safety of the produce. to build trust and recognition of the produce to be accepted both in the domestic and international markets by considering the environment health and fo od safety of consumers quality of produce and welfare of the workers it is appropriate to establish the gap standard for tea. the gap stands on four pillars of economic feasibility environmental sustainability social acceptability and food safety and quality. therefore gap will serve as a guideline for the management of tea value chain aiming at ensuring safety in the crop produce for both domestic
SLTEA_048,sustainability,DSLS-GAP-TEA (Draft Sri Lanka Standard: Good Agricultural Practices – Tea) (Part 3),"and international trade while minimizing negative impacts to environment but enhancing socio- economic and environmental stability. This Standard is subjected to the provisions under the Food Act No. 26 of 1980, the Tea control Act No 51 of 1957, the Tea (tax and control of Export) Act No 16 of 1959, the Sri Lanka Tea board Law No 14 of 1975, the Tea Research Board Act No. 52 of 1993, the Factories Ordinance Act No. 45 of 1942, the Licensing of Produce Brokers Act No 09 of 1979, Ordinance the Plant Protection Act No. 35 of 1999, the Seed Act No 22 of 2003, the Promotion of Export Agriculture Act No. 46 of 1992, the National Environmental Act No. 47 of 1980, the Soil Conservation Act No. 25 of 1951, the Fauna and Flora Protection Ordinance No. 02 of 1937, the Forest Ordinance No. 16 of 1 907, the Control of Pesticides Act No. 33 of 1980 , the Employment of Women, Young Person and Children Act No. 47 of 1956 and the regulations framed thereunder, and any other regulatory and statutory requirements wherever applicable. In the preparation of this Standard the valuable assistance derived from the publications of the Food and Agriculture Organization (FAO), Bureau of Indian Standards, China Standard body Sri Lanka Tea Board and the Tea Research Institute of Sri Lanka is gratefully acknowledged. 1 SCOPE 1.1 This Standard prescribes the GAP to be applied for the tea value chain for sustainable production that is legally compliant, environmentally sound, socially acceptable and economically viable to ensure safe and quality produce or product that is suitable for utilization and/or consumption. DSLS 1523 Part 9: ………. 4 1.2 This Standard does not absolve any product, person(s), corporate entities and organizations from fulfilling criteria laid down in the Standards for","['2025', 'official document', 'sustainability', 'quality', 'disease/pests']",Sri Lanka government / standards draft (hosted on Plantation & Community Infrastructure Ministry site),SLTEA-014,1789,300,17,5,and international trade while minimizing negative impacts to environment but enhancing socio- economic and environmental stability. this standard is subjected to the provisions under the food act no. 26 of 1980 the tea control act no 51 of 1957 the tea tax and control of export act no 16 of 1959 the sri lanka tea board law no 14 of 1975 the tea research board act no. 52 of 1993 the factories ordinance act no. 45 of 1942 the licensing of produce brokers act no 09 of 1979 ordinance the plant protection act no. 35 of 1999 the seed act no 22 of 2003 the promotion of export agriculture act no. 46 of 1992 the national environmental act no. 47 of 1980 the soil conservation act no. 25 of 1951 the fauna and flora protection ordinance no. 02 of 1937 the forest ordinance no. 16 of 1 907 the control of pesticides act no. 33 of 1980 the employment of women young person and children act no. 47 of 1956 and the regulations framed thereunder and any other regulatory and statutory requirements wherever applicable. in the preparation of this standard the valuable assistance derived from the publications of the food and agriculture organization fao bureau of indian standards china standard body sri lanka tea board and the tea research institute of sri lanka is gratefully acknowledged. 1 scope 1.1 this standard prescribes the gap to be applied for the tea value chain for sustainable production that is legally compliant environmentally sound socially acceptable and economically viable to ensure safe and quality produce or product that is suitable for utilization and or consumption. dsls 1523 part 9 . 4 1.2 this standard does not absolve any product person s corporate entities and organizations from fulfilling criteria laid down in the standards for
SLTEA_049,sustainability,DSLS-GAP-TEA (Draft Sri Lanka Standard: Good Agricultural Practices – Tea) (Part 4),"product(s) that use(s) the SLS mark. 1.3 All materials containing or produced from Genetically Modified Organisms (GMOs) are not compatible with this Standard. 2 REFERENCES SLS 78 Tea — Method of preparation of liquor for use in sensory tests SLS 135 Black Tea SLS 143 Code of practice for general principles of food hygiene SLS 614 Specification for potable water SLS 1465 Code of practice for application of pesticides SLS 1484 Sensory analysis of food — Part 4: General guidance for the design of test rooms SLS 1608 Knapsack sprayers - Part 1: Safety and environmental requirements SLS 1609 Requirements for protective clothing worn by pesticides handling operators 3 DEFINITIONS For the purpose of this Standard the following definitions shall apply: 3.1 deforestation: Removal of trees from a designated forest area declared and conserved by the state. 3.2 economically viable: Production that gives positive returns on a sustainable basis. 3.3 environmentally sound: Farm practices with minimal effect on the environment. 3.4 farm: Land where cultivating tea. 3.5 good agricultural practices (GAP): Collection of scientific principles to apply for on- farm production and post -production processes, resulting in safe and quality food, spices, beverages and non -food agricultural products, while considering economic, social and environmental sustainability. 3.6 green tea leaf: leaf, leaf buds and immature stalks of the tea plant before they are subjected to any of the processes (excluding that known as withering) for conversion into made tea. 3.7 integrated pest management (IPM): An ecosystem-based pest management strategy that uses a combination of available environmentally - friendly techniques and methods in a manner as compatible as possible to maintain pest population at levels below those causing economic injury, which uses pesticides as the last resort. 3.8 inter-cropping/mixed cropping: Cropping system in which two or more crops are grown in combination","['2025', 'official document', 'sustainability', 'quality', 'disease/pests']",Sri Lanka government / standards draft (hosted on Plantation & Community Infrastructure Ministry site),SLTEA-014,1982,300,10,5,product s that use s the sls mark. 1.3 all materials containing or produced from genetically modified organisms gmos are not compatible with this standard. 2 references sls 78 tea method of preparation of liquor for use in sensory tests sls 135 black tea sls 143 code of practice for general principles of food hygiene sls 614 specification for potable water sls 1465 code of practice for application of pesticides sls 1484 sensory analysis of food part 4 general guidance for the design of test rooms sls 1608 knapsack sprayers - part 1 safety and environmental requirements sls 1609 requirements for protective clothing worn by pesticides handling operators 3 definitions for the purpose of this standard the following definitions shall apply 3.1 deforestation removal of trees from a designated forest area declared and conserved by the state. 3.2 economically viable production that gives positive returns on a sustainable basis. 3.3 environmentally sound farm practices with minimal effect on the environment. 3.4 farm land where cultivating tea. 3.5 good agricultural practices gap collection of scientific principles to apply for on- farm production and post -production processes resulting in safe and quality food spices beverages and non -food agricultural products while considering economic social and environmental sustainability. 3.6 green tea leaf leaf leaf buds and immature stalks of the tea plant before they are subjected to any of the processes excluding that known as withering for conversion into made tea. 3.7 integrated pest management ipm an ecosystem-based pest management strategy that uses a combination of available environmentally - friendly techniques and methods in a manner as compatible as possible to maintain pest population at levels below those causing economic injury which uses pesticides as the last resort. 3.8 inter-cropping mixed cropping cropping system in which two or more crops are grown in combination
SLTEA_050,sustainability,DSLS-GAP-TEA (Draft Sri Lanka Standard: Good Agricultural Practices – Tea) (Part 5),"on a same land area. 3.9 legally compliant: Adherence to all existing legal, regulatory and statutory requirements. DSLS 1523 Part 9: ………. 5 3.10 made tea: Tea manufactured from the leaves, leaf buds and immature stalks of the tea plant and includes "" black tea "", green tea "", ""instant tea "", ""carbonated tea"" “ oolong tea” “specialty tea” “ artisanal tea” or tea to which foreign essences have been added. 3.11 plucking: Harvesting of green tea leaf. 3.12 post harvesting: Operations involved in from the time of harvesting up to the point of processing. 3.13 produce: Tea that are produced according to this Standard. 3.14 producers: Entities involved in commercial production of tea including individuals, groups and companies. 3.15 production: Any primary operation involved in producing of tea including cultivation and harvesting of the product. 3.16 processing: Operations involved in converting green tea leaf in to made tea. 3.17 product: Product that has been produced, processed, and/or handled in compliance with this Standard. 3.18 socially acceptable: Meeting concerns on the welfare and safety of persons working or living within the farmer and/or surrounding the farms. 3.19 sustainable production : A holistic, systems -oriented approach to farming that is efficient in resource management and focuses on the interrelationship of social, economic and environmental processes. 3.20 tea value chain: A sequence of the steps and operations involved in the crop production, processing, storage , handling and distribution of tea from primary production to consumption. 3.21 traceability: The ability to trace the history, application, use and location of an item or its characteristics through recorded data. 4 MANAGEMENT SYSTEM REQUIREMENTS 4.1 The management shall outline and affirm policy and objectives that demonstrate the intention to comply with this Standard including sustainability and responsible for periodic review and strive for continuous improvement appropriately","['2025', 'official document', 'sustainability', 'quality', 'disease/pests']",Sri Lanka government / standards draft (hosted on Plantation & Community Infrastructure Ministry site),SLTEA-014,1994,300,16,5,on a same land area. 3.9 legally compliant adherence to all existing legal regulatory and statutory requirements. dsls 1523 part 9 . 5 3.10 made tea tea manufactured from the leaves leaf buds and immature stalks of the tea plant and includes black tea green tea instant tea carbonated tea oolong tea specialty tea artisanal tea or tea to which foreign essences have been added. 3.11 plucking harvesting of green tea leaf. 3.12 post harvesting operations involved in from the time of harvesting up to the point of processing. 3.13 produce tea that are produced according to this standard. 3.14 producers entities involved in commercial production of tea including individuals groups and companies. 3.15 production any primary operation involved in producing of tea including cultivation and harvesting of the product. 3.16 processing operations involved in converting green tea leaf in to made tea. 3.17 product product that has been produced processed and or handled in compliance with this standard. 3.18 socially acceptable meeting concerns on the welfare and safety of persons working or living within the farmer and or surrounding the farms. 3.19 sustainable production a holistic systems -oriented approach to farming that is efficient in resource management and focuses on the interrelationship of social economic and environmental processes. 3.20 tea value chain a sequence of the steps and operations involved in the crop production processing storage handling and distribution of tea from primary production to consumption. 3.21 traceability the ability to trace the history application use and location of an item or its characteristics through recorded data. 4 management system requirements 4.1 the management shall outline and affirm policy and objectives that demonstrate the intention to comply with this standard including sustainability and responsible for periodic review and strive for continuous improvement appropriately
SLTEA_051,sustainability,DSLS-GAP-TEA (Draft Sri Lanka Standard: Good Agricultural Practices – Tea) (Part 6),"to the scale of the operation. 4.2 All data and information managed in relation to the standard shall be protected with a data protection and privacy policy. 4.3 The management shall ensure dissemination of the policy and obligations to all concerned personnel. 4.4 The management shall commit to ethical, legal, responsible and fair business practices and outline measures to ensure integrity of its operations. 4.5 The management shall carry out a due diligence of the risks and opportunities associated with the implementation of the GAP program. DSLS 1523 Part 9: ………. 6 4.6 The management shall be accountable for providing necessary resources and personnel and facilitating adequate training and guidance to ensure compliance with this standard. 5 PRIMARY PRODUCTION REQUIREMENTS 5.1 Environmental hygiene 5.1.1 Tea plants shall be protected from contamination by human, animal, domestic, industrial and agricultural wastes which may be present at levels likely to be a risk to environmental health. 5.1.2 Adequate precautions shall be taken to ensure that these wast es are disposed of in a manner that will not contaminate plants, water bodies, animals and humans, and not constitute a health hazard to consumers of the final product. 5.1.3 If a particular site categorized as unacceptable to be used, production shall not be carried out until the necessary control measures taken. 5.2 Location of the production and storage site 5.2.1 The proximity of production and storage sites that pose a high risk for contamination of source plants, such as animal production facilities, hazardous waste sites and waste treatment facilities, shall be identified and evaluated for potential contamination of the production fields. with microbial or other environmental hazards. 5.2.2 The producer shall implement measures to prevent or minimize contamination of source plants at the production site. 5.2.3 All procedures associated with primary production shall be carried","['2025', 'official document', 'sustainability', 'quality', 'disease/pests']",Sri Lanka government / standards draft (hosted on Plantation & Community Infrastructure Ministry site),SLTEA-014,1969,300,14,5,to the scale of the operation. 4.2 all data and information managed in relation to the standard shall be protected with a data protection and privacy policy. 4.3 the management shall ensure dissemination of the policy and obligations to all concerned personnel. 4.4 the management shall commit to ethical legal responsible and fair business practices and outline measures to ensure integrity of its operations. 4.5 the management shall carry out a due diligence of the risks and opportunities associated with the implementation of the gap program. dsls 1523 part 9 . 6 4.6 the management shall be accountable for providing necessary resources and personnel and facilitating adequate training and guidance to ensure compliance with this standard. 5 primary production requirements 5.1 environmental hygiene 5.1.1 tea plants shall be protected from contamination by human animal domestic industrial and agricultural wastes which may be present at levels likely to be a risk to environmental health. 5.1.2 adequate precautions shall be taken to ensure that these wast es are disposed of in a manner that will not contaminate plants water bodies animals and humans and not constitute a health hazard to consumers of the final product. 5.1.3 if a particular site categorized as unacceptable to be used production shall not be carried out until the necessary control measures taken. 5.2 location of the production and storage site 5.2.1 the proximity of production and storage sites that pose a high risk for contamination of source plants such as animal production facilities hazardous waste sites and waste treatment facilities shall be identified and evaluated for potential contamination of the production fields. with microbial or other environmental hazards. 5.2.2 the producer shall implement measures to prevent or minimize contamination of source plants at the production site. 5.2.3 all procedures associated with primary production shall be carried
SLTEA_052,sustainability,DSLS-GAP-TEA (Draft Sri Lanka Standard: Good Agricultural Practices – Tea) (Part 7),"out under hygienic conditions to minimize contamination and potential sources of contamination of produce or products. 5.3 Site history 5.3.1 A recording system shall be established on the history of the site, the layout of fields and cultivation history in digital and / or physical form. 5.3.2 For all new planting sites, a risk assessment shall be carried out where necessary, taking the following into account: a) Prior use of the land; b) Potential impacts for the production by adjacent crops and areas; and c) Potential impact of activities carried out at adjacent areas. 5.3.3 The information of the risk assessment shall be recorded. 5.4 Deforestation 5.4.1 No new farm shall be permitted on deforested land from the date of implementation of this standard in compliance with the relevant regulation. 5.5 Bio-diversity Conservation DSLS 1523 Part 9: ………. 7 5.5.1 New plantings shall comply with the relevant national laws and regulations with respect to land use and bio-diversity conservation. 5.6 Good Resource Conservation 5.6.1 In the absence of relevant regulation on land use and bio - diversity conservation, new tea plantings shall be compatible with good resource conservation practice proven in comparable locations. 5.7 Selection of agro-ecological zone 5.7.1 Tea shall be grown in the agro -ecological zones as recommended by the relevant authority. 5.8 Minimum grace period for GAP certification 5.8.1 Minimum grace period from conventional farming to GAP production shall be 06 months or elapse of one annual harvest. 5.8.2 The grace period shall not be applicable when the crop is established in a land which has not been used for agriculture or industrial purpose for a long time (more than 1 year). 5.9 Planting materials 5.9.1 Producers shall not use any genetically modified / transgenic planting materials. 5.9.2 Planting materials either TRI or estate cultivars, improved seed","['2025', 'official document', 'sustainability', 'quality', 'disease/pests']",Sri Lanka government / standards draft (hosted on Plantation & Community Infrastructure Ministry site),SLTEA-014,1906,300,13,5,out under hygienic conditions to minimize contamination and potential sources of contamination of produce or products. 5.3 site history 5.3.1 a recording system shall be established on the history of the site the layout of fields and cultivation history in digital and or physical form. 5.3.2 for all new planting sites a risk assessment shall be carried out where necessary taking the following into account a prior use of the land b potential impacts for the production by adjacent crops and areas and c potential impact of activities carried out at adjacent areas. 5.3.3 the information of the risk assessment shall be recorded. 5.4 deforestation 5.4.1 no new farm shall be permitted on deforested land from the date of implementation of this standard in compliance with the relevant regulation. 5.5 bio-diversity conservation dsls 1523 part 9 . 7 5.5.1 new plantings shall comply with the relevant national laws and regulations with respect to land use and bio-diversity conservation. 5.6 good resource conservation 5.6.1 in the absence of relevant regulation on land use and bio - diversity conservation new tea plantings shall be compatible with good resource conservation practice proven in comparable locations. 5.7 selection of agro-ecological zone 5.7.1 tea shall be grown in the agro -ecological zones as recommended by the relevant authority. 5.8 minimum grace period for gap certification 5.8.1 minimum grace period from conventional farming to gap production shall be 06 months or elapse of one annual harvest. 5.8.2 the grace period shall not be applicable when the crop is established in a land which has not been used for agriculture or industrial purpose for a long time more than 1 year . 5.9 planting materials 5.9.1 producers shall not use any genetically modified transgenic planting materials. 5.9.2 planting materials either tri or estate cultivars improved seed
SLTEA_053,sustainability,DSLS-GAP-TEA (Draft Sri Lanka Standard: Good Agricultural Practices – Tea) (Part 8),"progenies shall conform to the recommendations of the relevant authority. 5.9.3 Where propagation material produced within the farm, records of mother bushes, date of establishment, method of propagation, material used for preparation of bed, potting media (i.e. soil or alternate media), method of bed sterilization and date, materials used as mulch, agro-chemicals used and date of application, type of fertilizer used, date of application and agronomic practices shall be recorded. 5.9.4 Where protected varieties are used; the farm shall respect intellectual property rights legislation on tea cultivar protection. 5.9.5 Cultivars used for planting in the farm should preferably possess resistance or tolerance to the key pests and diseases in order to minimize use of pesticides. 5.9.6 All treatments as recommended by the relevant authority shall be recorded. 6 NURSERY ESTABLISHMENT AND MANAGEMENT 6.1 Site selection and preparation for nursery DSLS 1523 Part 9: ………. 8 6.1.1 The site shall be cleared and other preparation shall not cause undesirable effects such as soil erosion, elimination of high value plant species such as rare plant species. The preparation shall not involve the use of fire. 6.1.2 If chemicals are used to sterilize substrates for reuse, the location of sterilization shall be recorded. 6.1.3 If chemicals are used to sterilize substrates for reuse, the date of sterilization, type of chemical, method of sterilization, name of the operator and pre -planting interval shal l be recorded. 6.1.4 Substrates shall be traceable to the source and shall not come from designated conservation areas. 6.1.5 The producer shall comply with relevant authority recommendations on site selection, nursery establishment, bed lay-out and nursery construction. 6.2 Nursery management 6.2.1 Nurseries shall be established and managed in a manner that ensures good nursery practices for propagation of standard quality and health of planting materials, protection of the environment and","['2025', 'official document', 'sustainability', 'quality', 'disease/pests']",Sri Lanka government / standards draft (hosted on Plantation & Community Infrastructure Ministry site),SLTEA-014,2001,300,14,5,progenies shall conform to the recommendations of the relevant authority. 5.9.3 where propagation material produced within the farm records of mother bushes date of establishment method of propagation material used for preparation of bed potting media i.e. soil or alternate media method of bed sterilization and date materials used as mulch agro-chemicals used and date of application type of fertilizer used date of application and agronomic practices shall be recorded. 5.9.4 where protected varieties are used the farm shall respect intellectual property rights legislation on tea cultivar protection. 5.9.5 cultivars used for planting in the farm should preferably possess resistance or tolerance to the key pests and diseases in order to minimize use of pesticides. 5.9.6 all treatments as recommended by the relevant authority shall be recorded. 6 nursery establishment and management 6.1 site selection and preparation for nursery dsls 1523 part 9 . 8 6.1.1 the site shall be cleared and other preparation shall not cause undesirable effects such as soil erosion elimination of high value plant species such as rare plant species. the preparation shall not involve the use of fire. 6.1.2 if chemicals are used to sterilize substrates for reuse the location of sterilization shall be recorded. 6.1.3 if chemicals are used to sterilize substrates for reuse the date of sterilization type of chemical method of sterilization name of the operator and pre -planting interval shal l be recorded. 6.1.4 substrates shall be traceable to the source and shall not come from designated conservation areas. 6.1.5 the producer shall comply with relevant authority recommendations on site selection nursery establishment bed lay-out and nursery construction. 6.2 nursery management 6.2.1 nurseries shall be established and managed in a manner that ensures good nursery practices for propagation of standard quality and health of planting materials protection of the environment and
SLTEA_054,sustainability,DSLS-GAP-TEA (Draft Sri Lanka Standard: Good Agricultural Practices – Tea) (Part 9),"workers’ safety. 6.2.2 The nursery site shall have adequate water supply, sheltered from wind and exposed to the sun. 6.2.3 The producer shall comply with relevant authority recommendations on nursery management practices and handling of plants during transplanting. 6.2.4 Sites excavated for nursery soils should be rehabilitated and ideally be maintained as soil banks as per relevant authority recommended grasses. 6.2.5 Wooden construction materials used should be from a sustainable source while complying with the legislations on protection of plant species. 6.2.6 Fertilizers use, type and application rates shall be as per regulatory authority guidelines. 6.2.7 Non-biodegradable materials such as polythene used in the nursery shall not be burnt and shall be disposed or recycled in accordance with regulatory requirements. 7 FIELD ESTABLISHMENT AND MANAGEMENT 7.1 Site selection for tea cultivation 7.1.1 The producer shall comply with relevant authority recommendations on selection of site for tea cultivation through land suitability criteria. 7.2 Site management 7.2.1 The farm management shall demonstrate that it has legal rights to the cultivation of the land and all necessary regulatory approvals. DSLS 1523 Part 9: ………. 9 7.2.2 Where farms are located on sloping lands (within the permissible level), relevant authority recommended soil conservation measures shall be undertaken to minimize soil erosion. 7.2.3 The farm shall not be established adjacent to natural forest reserves. The minimum distance from the natural water streams shall be maintained according to the national laws. 7.2.4 The required catchment including the ravine area shall be protected when the farm is located near the reservoir, streams or natural water body. 7.2.5 A visual identification or reference system for each field shall be established. 7.3 Soil and substrate management 7.3.1 Wherever possible regenerative practices should be implemented as means of maintain or improve soil health and sustainability. 7.3.2 Soil type mapping 7.3.2.1","['2025', 'official document', 'sustainability', 'quality', 'disease/pests']",Sri Lanka government / standards draft (hosted on Plantation & Community Infrastructure Ministry site),SLTEA-014,2041,300,17,5,workers safety. 6.2.2 the nursery site shall have adequate water supply sheltered from wind and exposed to the sun. 6.2.3 the producer shall comply with relevant authority recommendations on nursery management practices and handling of plants during transplanting. 6.2.4 sites excavated for nursery soils should be rehabilitated and ideally be maintained as soil banks as per relevant authority recommended grasses. 6.2.5 wooden construction materials used should be from a sustainable source while complying with the legislations on protection of plant species. 6.2.6 fertilizers use type and application rates shall be as per regulatory authority guidelines. 6.2.7 non-biodegradable materials such as polythene used in the nursery shall not be burnt and shall be disposed or recycled in accordance with regulatory requirements. 7 field establishment and management 7.1 site selection for tea cultivation 7.1.1 the producer shall comply with relevant authority recommendations on selection of site for tea cultivation through land suitability criteria. 7.2 site management 7.2.1 the farm management shall demonstrate that it has legal rights to the cultivation of the land and all necessary regulatory approvals. dsls 1523 part 9 . 9 7.2.2 where farms are located on sloping lands within the permissible level relevant authority recommended soil conservation measures shall be undertaken to minimize soil erosion. 7.2.3 the farm shall not be established adjacent to natural forest reserves. the minimum distance from the natural water streams shall be maintained according to the national laws. 7.2.4 the required catchment including the ravine area shall be protected when the farm is located near the reservoir streams or natural water body. 7.2.5 a visual identification or reference system for each field shall be established. 7.3 soil and substrate management 7.3.1 wherever possible regenerative practices should be implemented as means of maintain or improve soil health and sustainability. 7.3.2 soil type mapping 7.3.2.1
SLTEA_055,sustainability,DSLS-GAP-TEA (Draft Sri Lanka Standard: Good Agricultural Practices – Tea) (Part 10),"Land use soil series map should be used and recorded for the farm, which can then be used during land preparations, inter-cropping and replanting programmes, where necessary. 7.3.3 Soil structure 7.3.3.1 Cultivation practices that improve or maintain soil structure and those avoid soil compaction shall be selected. 7.3.4 Soil conservation 7.3.4.1 Cultivation practices and soil conservation techniques that minimizes soil loss and degradation shall be adopted as recommended by the relevant authority. 7.3.5 Soil treatments 7.3.5.1 Soil treatments shall be followed as per the relevant authority recommendations. 7.3.6 Growing media, mulches and shading materials 7.3.6.1 Preference and priority shall be given to the use of natural substrates. 7.3.6.2 Mulching shall be practiced to maintain favourable soil moisture and soil temperature and for weed control. 7.3.6.3 Shelter, mulch, soil or any substrate shall not be obtained from natural forest reserves. 7.4 Land preparations 7.4.1 The producer shall follow relevant authority recommendations on land preparation and soil rehabilitation. 7.4.2 Land preparation techniques (time, methods and technology) that minimize soil erosion and compaction, and safeguard the environment should be applied. DSLS 1523 Part 9: ………. 10 7.4.3 Soil quality check shall be implemented to ensure required soil pH, soil carbon and soil health. 7.5 Planting 7.5.1 Where there is no irrigation, planting shall be done during reliable rainfall in accordance with the planting seasons in respective regions. 7.5.2 Appropriate spacing and the correct size of planting hole, time of planting, prophylactic treatments and manures in the planting hole, planting technique and other guidelines for planting tea should be followed as per relevant authority guidelines. 7.6 Shade planting and Management 7.6.1 The farm shall have a shade management policy in place as per the relevant authority recommendations. 7.6.2 Shade planting and management practices shall have to be followed as per relevant authority guidelines using","['2025', 'official document', 'sustainability', 'quality', 'disease/pests']",Sri Lanka government / standards draft (hosted on Plantation & Community Infrastructure Ministry site),SLTEA-014,2052,300,15,5,land use soil series map should be used and recorded for the farm which can then be used during land preparations inter-cropping and replanting programmes where necessary. 7.3.3 soil structure 7.3.3.1 cultivation practices that improve or maintain soil structure and those avoid soil compaction shall be selected. 7.3.4 soil conservation 7.3.4.1 cultivation practices and soil conservation techniques that minimizes soil loss and degradation shall be adopted as recommended by the relevant authority. 7.3.5 soil treatments 7.3.5.1 soil treatments shall be followed as per the relevant authority recommendations. 7.3.6 growing media mulches and shading materials 7.3.6.1 preference and priority shall be given to the use of natural substrates. 7.3.6.2 mulching shall be practiced to maintain favourable soil moisture and soil temperature and for weed control. 7.3.6.3 shelter mulch soil or any substrate shall not be obtained from natural forest reserves. 7.4 land preparations 7.4.1 the producer shall follow relevant authority recommendations on land preparation and soil rehabilitation. 7.4.2 land preparation techniques time methods and technology that minimize soil erosion and compaction and safeguard the environment should be applied. dsls 1523 part 9 . 10 7.4.3 soil quality check shall be implemented to ensure required soil ph soil carbon and soil health. 7.5 planting 7.5.1 where there is no irrigation planting shall be done during reliable rainfall in accordance with the planting seasons in respective regions. 7.5.2 appropriate spacing and the correct size of planting hole time of planting prophylactic treatments and manures in the planting hole planting technique and other guidelines for planting tea should be followed as per relevant authority guidelines. 7.6 shade planting and management 7.6.1 the farm shall have a shade management policy in place as per the relevant authority recommendations. 7.6.2 shade planting and management practices shall have to be followed as per relevant authority guidelines using
SLTEA_056,sustainability,DSLS-GAP-TEA (Draft Sri Lanka Standard: Good Agricultural Practices – Tea) (Part 11),"recommended species as high and medium shade. 7.7 Intercropping/Agroforestry 7.7.1 Where intercropping/agroforestry is practiced, the relevant authority recommendations applicable on all crops shall be followed. 7.7.2 For enhancing land use, plant and tree biodiversity should be used through integrating different plant species in the landscape for various purposes recommended by relevant authority. 7.8 Weed control 7.8.1 Weeds should be controlled in such a way following the relevant authority recommended weed control calendar based on the rain fall patterns in respective regions is utilized aiming at rational use of herbicides and appropriate application methods as per relevant authority recommendations for effective control of all types. 7.8.2 Wherever possible, producer shall apply recognized herbicide free weed control methods. 7.8.3 When deploying mechanical weeding, soil disturbance shall not be permitted. 7.8.4 Herbicides shall not be sprayed on road side, ravines, drain edges and other terrestrial ecosystems that exists within the farm and safety precautions. Herbicide application for young tea plantations shall be limited to recommended formulations by the competent authority. 7.8.5 The farm shall have a policy of planting leguminous cover crops and live mulches in young tea fields and field borders as recommended by relevant authority. 7.8.6 Chemical applicators / sprayers shall be kept in good working condition when used and kept stored clean after use. 7.9 Fertilizer management DSLS 1523 Part 9: ………. 11 7.9.1 Nutrient requirement 7.9.1.1 A soil care plan shall be developed to ensure that nutrient losses are minimized. 7.9.1.2 The application of fertilizers shall be bas ed on the nutrient levels of the soil or substrates and requirements of the crop specified by the relevant competent authority. 7.9.1.3 Soil pH correction and nutrient supply through appropriate fertilizer mixtures shall be followed based on laboratory test analyses as per the relevant authority recommendations. 7.9.1.4 Type, dose, timing, frequency","['2025', 'official document', 'sustainability', 'quality', 'disease/pests']",Sri Lanka government / standards draft (hosted on Plantation & Community Infrastructure Ministry site),SLTEA-014,2061,300,15,5,recommended species as high and medium shade. 7.7 intercropping agroforestry 7.7.1 where intercropping agroforestry is practiced the relevant authority recommendations applicable on all crops shall be followed. 7.7.2 for enhancing land use plant and tree biodiversity should be used through integrating different plant species in the landscape for various purposes recommended by relevant authority. 7.8 weed control 7.8.1 weeds should be controlled in such a way following the relevant authority recommended weed control calendar based on the rain fall patterns in respective regions is utilized aiming at rational use of herbicides and appropriate application methods as per relevant authority recommendations for effective control of all types. 7.8.2 wherever possible producer shall apply recognized herbicide free weed control methods. 7.8.3 when deploying mechanical weeding soil disturbance shall not be permitted. 7.8.4 herbicides shall not be sprayed on road side ravines drain edges and other terrestrial ecosystems that exists within the farm and safety precautions. herbicide application for young tea plantations shall be limited to recommended formulations by the competent authority. 7.8.5 the farm shall have a policy of planting leguminous cover crops and live mulches in young tea fields and field borders as recommended by relevant authority. 7.8.6 chemical applicators sprayers shall be kept in good working condition when used and kept stored clean after use. 7.9 fertilizer management dsls 1523 part 9 . 11 7.9.1 nutrient requirement 7.9.1.1 a soil care plan shall be developed to ensure that nutrient losses are minimized. 7.9.1.2 the application of fertilizers shall be bas ed on the nutrient levels of the soil or substrates and requirements of the crop specified by the relevant competent authority. 7.9.1.3 soil ph correction and nutrient supply through appropriate fertilizer mixtures shall be followed based on laboratory test analyses as per the relevant authority recommendations. 7.9.1.4 type dose timing frequency
SLTEA_057,sustainability,DSLS-GAP-TEA (Draft Sri Lanka Standard: Good Agricultural Practices – Tea) (Part 12),"of fertilizer/nutrient applications s hall be adopted as per the relevant competent authority recommendations. 7.9.1.5 Organic and inorganic fertilizers shall be used appropriately, optimizing yield and minimizing negative impacts on human health, the environment and the quality of the produce. 7.9.1.6 Compost, biochar and other soil amendments are encouraged to be used in order to increase fertilizer use efficiency and increase soil physical properties and biological activit y ensuring soil health including provision of plant nutrients by microbes. 7.9.1.7 Under normal conditions fertilizer types, mixtures and rates for different stages of the crop should comply with relevant authority recommendations 7.9.1.8 The type, quantity, method, timing and frequency of fertilizer application shall be followed so as to maximize benefits on productivity and to minimize losses. 7.9.1.9 Fertilizers should be selected and used in a manner that promotes plant health while ensuring product safety of the workers and environment. 7.9.1.10 Application of fertilizers shall be in accordance with the recommendations o f the relevant regulatory authority and fertilizers shall conform to the relevant Sri Lanka Standard Specifications. 7.9.1.11 Fertilizer application rates should be established in association with the guideline given by relevant authority and controlled to ensure sustainability of the cro p and environmental protection. 7.9.1.12 Crop producers shall not use untreated solid or liquid manure. 7.9.1.13 In cases where the farm produces its own organic inputs, proper treatment procedures shall be adopted to reduce or eliminate pathogens present in the raw material and to minimize the probability of contaminating the product. Records of treatment procedures, including the raw materials used shall be kept. The location of the composting site shall also consider the slope and its proximity to crop production sites in order to prevent cross contamination from run-off or leaching. 7.9.1.14 Proper measures shall be in place to prevent the","['2025', 'official document', 'sustainability', 'quality', 'disease/pests']",Sri Lanka government / standards draft (hosted on Plantation & Community Infrastructure Ministry site),SLTEA-014,2056,300,12,5,of fertilizer nutrient applications s hall be adopted as per the relevant competent authority recommendations. 7.9.1.5 organic and inorganic fertilizers shall be used appropriately optimizing yield and minimizing negative impacts on human health the environment and the quality of the produce. 7.9.1.6 compost biochar and other soil amendments are encouraged to be used in order to increase fertilizer use efficiency and increase soil physical properties and biological activit y ensuring soil health including provision of plant nutrients by microbes. 7.9.1.7 under normal conditions fertilizer types mixtures and rates for different stages of the crop should comply with relevant authority recommendations 7.9.1.8 the type quantity method timing and frequency of fertilizer application shall be followed so as to maximize benefits on productivity and to minimize losses. 7.9.1.9 fertilizers should be selected and used in a manner that promotes plant health while ensuring product safety of the workers and environment. 7.9.1.10 application of fertilizers shall be in accordance with the recommendations o f the relevant regulatory authority and fertilizers shall conform to the relevant sri lanka standard specifications. 7.9.1.11 fertilizer application rates should be established in association with the guideline given by relevant authority and controlled to ensure sustainability of the cro p and environmental protection. 7.9.1.12 crop producers shall not use untreated solid or liquid manure. 7.9.1.13 in cases where the farm produces its own organic inputs proper treatment procedures shall be adopted to reduce or eliminate pathogens present in the raw material and to minimize the probability of contaminating the product. records of treatment procedures including the raw materials used shall be kept. the location of the composting site shall also consider the slope and its proximity to crop production sites in order to prevent cross contamination from run-off or leaching. 7.9.1.14 proper measures shall be in place to prevent the
SLTEA_058,sustainability,DSLS-GAP-TEA (Draft Sri Lanka Standard: Good Agricultural Practices – Tea) (Part 13),"residues of organic material on the leaves after spraying liquid fertilizer. 7.10 Records of fertilizer/Nutrient Application DSLS 1523 Part 9: ………. 12 7.10.1 All of soil and foliar applications, both organic and inorganic shall be recorded. 7.10.1.1 All application dates, location of application, types, quantities, method of application, frequency of application, and operator details shall be recorded. 7.10.2 Application machinery 7.10.2.1 Fertilizer application machinery shall be kept in good working condition when used. 7.10.2.2 Where applicable, fertilizer application machinery should be calibrated and maintained in a manner that will ensure accurate delivery rate and records should be maintained; 7.11 Storage of Fertilizers/Nutrients 7.11.1 Fertilizer stock inventory or records shall be kept up-to-date and made available for inspection. 7.11.2 Fertilizers shall be clearly labeled and stored in a way not contaminating the environment. 7.11.3 Fertilizers shall not be stored in close contact with pesticides. If this is not possible, fertilizers and pesticides shall be physically separated and labeled accordingly. 7.11.4 Fertilizers shall be stored in an appropriate manner, which reduces the risk of contamination of water and environment. 7.11.5 Fertilizers shall be stored in a covered, clean, dry location where there is no risk of contamination of water sources. Fertilizers shall not be stored in direct contact with the ground. 7.11.6 Fertilizers shall not be stored with farm produce or products. 7.11.7 Records of sources and nutrient content of fertilizers used shall be kept and made available for inspection. 7.12 Organic fertilizer 7.12.1 Relevant authority recommended organic fertilizer shall be stored and handled in an appropriate manner to reduce the risk of contamination of farm produce or products and the environment and also to maintain their quality. 7.12.2 Sewage sludge, municipal soil waste and treated / fortified sources of manures shall not be used. 7.12.3 Precautions shall be taken to avoid","['2025', 'official document', 'sustainability', 'quality', 'disease/pests']",Sri Lanka government / standards draft (hosted on Plantation & Community Infrastructure Ministry site),SLTEA-014,2040,300,17,5,residues of organic material on the leaves after spraying liquid fertilizer. 7.10 records of fertilizer nutrient application dsls 1523 part 9 . 12 7.10.1 all of soil and foliar applications both organic and inorganic shall be recorded. 7.10.1.1 all application dates location of application types quantities method of application frequency of application and operator details shall be recorded. 7.10.2 application machinery 7.10.2.1 fertilizer application machinery shall be kept in good working condition when used. 7.10.2.2 where applicable fertilizer application machinery should be calibrated and maintained in a manner that will ensure accurate delivery rate and records should be maintained 7.11 storage of fertilizers nutrients 7.11.1 fertilizer stock inventory or records shall be kept up-to-date and made available for inspection. 7.11.2 fertilizers shall be clearly labeled and stored in a way not contaminating the environment. 7.11.3 fertilizers shall not be stored in close contact with pesticides. if this is not possible fertilizers and pesticides shall be physically separated and labeled accordingly. 7.11.4 fertilizers shall be stored in an appropriate manner which reduces the risk of contamination of water and environment. 7.11.5 fertilizers shall be stored in a covered clean dry location where there is no risk of contamination of water sources. fertilizers shall not be stored in direct contact with the ground. 7.11.6 fertilizers shall not be stored with farm produce or products. 7.11.7 records of sources and nutrient content of fertilizers used shall be kept and made available for inspection. 7.12 organic fertilizer 7.12.1 relevant authority recommended organic fertilizer shall be stored and handled in an appropriate manner to reduce the risk of contamination of farm produce or products and the environment and also to maintain their quality. 7.12.2 sewage sludge municipal soil waste and treated fortified sources of manures shall not be used. 7.12.3 precautions shall be taken to avoid
SLTEA_059,sustainability,DSLS-GAP-TEA (Draft Sri Lanka Standard: Good Agricultural Practices – Tea) (Part 14),"pollution by heavy metals or by nitrate leaching, the levels of nutrients, heavy metals and other potential pollutants in the organic fertilizer shall be confirmed before application. A proper account shall also be taken of the nutrient contents in organic fertilizers. 7.12.4 The use of organic fertilizers in cultivation shall be based on Integrated Plant Nutrient System (IPNS). 7.12.5 The source of organic fertilizer shall be recorded. DSLS 1523 Part 9: ………. 13 7.12.6 Operators shall maintain purchase, handling, treatment and processing records. 7.13 Irrigation/Fertigation 7.13.1 The user of irrigation shall seek for water saving techniques. 7.13.2 The producer shall justify the method of irrigation/ fertigation used in light of water conservation. 7.13.3 The water use management plan shall be prepared to optimize water usage and reduce waste. 7.13.4 Records of water usage for irrigation/fertigation should be maintained. 7.13.5 Supply of water 7.13.5.1 On-farm water requirements shall be derived from sustainable sources. 7.13.5.2 Producers shall seek advice from relevant authorities on water sourcing. 7.13.5.3 On-farm water sources shall be managed to ensure water -use efficiency and sustainability. 7.14 Crop protection 7.14.1 The use of pesticides in crop production shall be minimized. 7.14.2 Non-chemical alternatives shall be explored. Whenever possible, pest and disease management should be attempted through following cultural and agronomic practices. 7.14.3 Wherever possible, producer shall apply recognized Integrated Pest Management (IPM) techniques. 7.14.4 Proper pruning and maintenance shall be practiced regu larly as per the relevant authority guidelines. 7.14.5 Diseased or infested pods, branches and other plant material s shall be regularly removed from the field, and properly disposed of in a way that prevents contamination. Tools used shall be dedicated for this purpose only and disinfected before and after each use. 7.14.6 In situations where tea is already old and/or less productive, replanting or infilling should be","['2025', 'official document', 'sustainability', 'quality', 'disease/pests']",Sri Lanka government / standards draft (hosted on Plantation & Community Infrastructure Ministry site),SLTEA-014,2067,300,21,5,pollution by heavy metals or by nitrate leaching the levels of nutrients heavy metals and other potential pollutants in the organic fertilizer shall be confirmed before application. a proper account shall also be taken of the nutrient contents in organic fertilizers. 7.12.4 the use of organic fertilizers in cultivation shall be based on integrated plant nutrient system ipns . 7.12.5 the source of organic fertilizer shall be recorded. dsls 1523 part 9 . 13 7.12.6 operators shall maintain purchase handling treatment and processing records. 7.13 irrigation fertigation 7.13.1 the user of irrigation shall seek for water saving techniques. 7.13.2 the producer shall justify the method of irrigation fertigation used in light of water conservation. 7.13.3 the water use management plan shall be prepared to optimize water usage and reduce waste. 7.13.4 records of water usage for irrigation fertigation should be maintained. 7.13.5 supply of water 7.13.5.1 on-farm water requirements shall be derived from sustainable sources. 7.13.5.2 producers shall seek advice from relevant authorities on water sourcing. 7.13.5.3 on-farm water sources shall be managed to ensure water -use efficiency and sustainability. 7.14 crop protection 7.14.1 the use of pesticides in crop production shall be minimized. 7.14.2 non-chemical alternatives shall be explored. whenever possible pest and disease management should be attempted through following cultural and agronomic practices. 7.14.3 wherever possible producer shall apply recognized integrated pest management ipm techniques. 7.14.4 proper pruning and maintenance shall be practiced regu larly as per the relevant authority guidelines. 7.14.5 diseased or infested pods branches and other plant material s shall be regularly removed from the field and properly disposed of in a way that prevents contamination. tools used shall be dedicated for this purpose only and disinfected before and after each use. 7.14.6 in situations where tea is already old and or less productive replanting or infilling should be
SLTEA_060,sustainability,DSLS-GAP-TEA (Draft Sri Lanka Standard: Good Agricultural Practices – Tea) (Part 15),"followed as per the guidelines of relevant authority. 7.14.7 Measures to reduce risk of diseases shall be in place including right choice of resistant / tolerant tea cultivars, vigilance for pest outbreaks, timely identification of the pest damages etc. 7.14.8 Choice of plant protection products 7.14.8.1 Application of plant protection products shall be in accordance with the recommendations of relevant authority and registrar of pesticides. DSLS 1523 Part 9: ………. 14 7.14.8.2 The records of plant protection products used and stored shall be kept and maintained for inspection. 7.14.8.3 Producers shall only use the pesticides that are recommended by the relevant authority and registered under relevant act. 7.14.8.4 Producers shall select the type of plant protection products out of the recommended list and shall not use the dosage exceeding the recommendations. 7.14.8.5 Instructions on the pesticide label shall be followed to ensure effective application and to avoid risks to operators, consumers with respect to MRLs (Maximum Residue Limits) and the environment on soil, biodiversity, air and water pollution. 7.14.8.6 A pesticide-rotation strategy which have different mode-of-action shall be adopted to avoid reliance on any one pesticide. 7.14.8.7 The producers shall not use any pesticides that are banned, restricted or disallowed in importing countries and ensure the same to the relevant authority and tea exporters. 7.14.8.8 Crop sanitation and quarantine measures shall be maintained at all times. 7.14.8.9 Direct or drift contamination of agro chemicals with the crop from other crops or in neighboring fields shall be avoided. 7.14.8.10 All applications of plant protection products should be recorded, including: field identification (number or code, location), application date, product trade name (brand), name of the operator/supervisor, application machinery (e.g. knapsack) and name of pest or diseases controlled. 7.14.8.11 Application and measuring equipment should be well maintained and calibrated regularly with proper records","['2025', 'official document', 'sustainability', 'quality', 'disease/pests']",Sri Lanka government / standards draft (hosted on Plantation & Community Infrastructure Ministry site),SLTEA-014,2062,300,15,5,followed as per the guidelines of relevant authority. 7.14.7 measures to reduce risk of diseases shall be in place including right choice of resistant tolerant tea cultivars vigilance for pest outbreaks timely identification of the pest damages etc. 7.14.8 choice of plant protection products 7.14.8.1 application of plant protection products shall be in accordance with the recommendations of relevant authority and registrar of pesticides. dsls 1523 part 9 . 14 7.14.8.2 the records of plant protection products used and stored shall be kept and maintained for inspection. 7.14.8.3 producers shall only use the pesticides that are recommended by the relevant authority and registered under relevant act. 7.14.8.4 producers shall select the type of plant protection products out of the recommended list and shall not use the dosage exceeding the recommendations. 7.14.8.5 instructions on the pesticide label shall be followed to ensure effective application and to avoid risks to operators consumers with respect to mrls maximum residue limits and the environment on soil biodiversity air and water pollution. 7.14.8.6 a pesticide-rotation strategy which have different mode-of-action shall be adopted to avoid reliance on any one pesticide. 7.14.8.7 the producers shall not use any pesticides that are banned restricted or disallowed in importing countries and ensure the same to the relevant authority and tea exporters. 7.14.8.8 crop sanitation and quarantine measures shall be maintained at all times. 7.14.8.9 direct or drift contamination of agro chemicals with the crop from other crops or in neighboring fields shall be avoided. 7.14.8.10 all applications of plant protection products should be recorded including field identification number or code location application date product trade name brand name of the operator supervisor application machinery e.g. knapsack and name of pest or diseases controlled. 7.14.8.11 application and measuring equipment should be well maintained and calibrated regularly with proper records
SLTEA_061,sustainability,DSLS-GAP-TEA (Draft Sri Lanka Standard: Good Agricultural Practices – Tea) (Part 16),"to ensure accuracy of application rates. 7.14.8.12 All plant protection products should be transported in a safe manner with attention to minimizing possible danger to people, food products and the environment. 7.14.8.13 When an original package is broken or damaged, and the product is transferred to another package, the new package should contain key information of the original label. 7.14.8.14 Storage facilities should be appropriately designed with safety features, and a product inventory and manufacturer’s safety information should be maintained. 7.14.8.15 Empty containers of plant protection products should not be re-used in any form or manner. Such containers should be safely stored and later disposed in accordance with relevant legislations. 7.14.8.16 The disposal of the surplus application mixes and wash downs should be carried out in a manner ensuring worker and environment safety. 7.14.8.17 Obsolete plant protection products should be labeled, stored and handled in a manner that prevents contamination of tea and environmental pollution. 7.14.8.18 The producers and workers shall be aware of the banned and restricted chemicals DSLS 1523 Part 9: ………. 15 and the limitations and regulations in tea export / destinating country. 7.14.8.19 Plant protection products shall be transported safely, with attention to minimizing human and environmental contamination and if applicable, transported in accordance with local regulations. 7.14.9 Records of application 7.14.9.1 All applications of pesticides shall be recorded to include the name of crop, location and date of application, reason for application, name of pesticide (common name and the trade name) used, dosage, method of application and name of the operator. 7.14.10 Safety, training and instructions 7.14.10.1 Operators shall be trained on safety measures and proper application of pesticides on regular basis complying with the SLS 1465. 7.14.10.2 Each area of application shall be field -marked with appropriate warning signs of the re-entry / entry","['2025', 'official document', 'sustainability', 'quality', 'disease/pests']",Sri Lanka government / standards draft (hosted on Plantation & Community Infrastructure Ministry site),SLTEA-014,2034,300,14,5,to ensure accuracy of application rates. 7.14.8.12 all plant protection products should be transported in a safe manner with attention to minimizing possible danger to people food products and the environment. 7.14.8.13 when an original package is broken or damaged and the product is transferred to another package the new package should contain key information of the original label. 7.14.8.14 storage facilities should be appropriately designed with safety features and a product inventory and manufacturer s safety information should be maintained. 7.14.8.15 empty containers of plant protection products should not be re-used in any form or manner. such containers should be safely stored and later disposed in accordance with relevant legislations. 7.14.8.16 the disposal of the surplus application mixes and wash downs should be carried out in a manner ensuring worker and environment safety. 7.14.8.17 obsolete plant protection products should be labeled stored and handled in a manner that prevents contamination of tea and environmental pollution. 7.14.8.18 the producers and workers shall be aware of the banned and restricted chemicals dsls 1523 part 9 . 15 and the limitations and regulations in tea export destinating country. 7.14.8.19 plant protection products shall be transported safely with attention to minimizing human and environmental contamination and if applicable transported in accordance with local regulations. 7.14.9 records of application 7.14.9.1 all applications of pesticides shall be recorded to include the name of crop location and date of application reason for application name of pesticide common name and the trade name used dosage method of application and name of the operator. 7.14.10 safety training and instructions 7.14.10.1 operators shall be trained on safety measures and proper application of pesticides on regular basis complying with the sls 1465. 7.14.10.2 each area of application shall be field -marked with appropriate warning signs of the re-entry entry
SLTEA_062,sustainability,DSLS-GAP-TEA (Draft Sri Lanka Standard: Good Agricultural Practices – Tea) (Part 17),"restriction period. 7.14.10.3 There shall be procedures dealing with re -entry of persons on the farm after application of plant protection products. 7.14.11 Personal protective equipment 7.14.11.1 Operators shall be equipped with suitable personal protective equipment (PPE) in accordance with the SLS 1609 as appropriate to the danger posed to the applicator. 7.14.11.2 Personal protective gear shall be cleaned after use, minimizing the environmental contamination and stored separately from pesticides. 7.14.12 Pre-harvest interval 7.14.12.1 Producers shall be strictly adhered to pre -harvest intervals prescribed in pesticide product labels. 7.14.13 Spray equipment 7.14.13.1 Spray equipment shall conform to the SLS 1608 Part 1 and be calibrated and kept in good working condition. 7.14.13.2 Calibration shall be carried out as and when necessary to ensure accurate delivery of the required quantity of pesticide. 7.14.13.3 Equipment used for chemical application shall be properly cleaned and securely stored. 7.14.13.4 When chemical applications are done using drones or advanced techniques, proper guidance be obtained from the relevant authority with regard to delivery of exact levels of active ingredients, ensure minimal non target effects on crop, harvest, environment, workers and community. 7.14.14 Disposal of surplus spray mix DSLS 1523 Part 9: ………. 16 7.14.14.1 Surplus spray mix and tank washings shall be disposed of with utmost care (This can be sprayed on the treated part of the crop as long as the recommended dosage has not been exceeded or on designated fallow land away from water sources). Records shall be kept of such spraying. 7.14.15 Pesticide storage 7.14.15.1 Pesticides shall be stored separately in the chemical stores under strict supervision and in accordance with the national regulations. 7.14.15.2 Pesticides shall be stored in a secured, water -resistant, well-ventilated and well-lit location away from other materials. 7.14.15.3 All shelves shall be made of non-absorbent materials. 7.14.15.4 The","['2025', 'official document', 'sustainability', 'quality', 'disease/pests']",Sri Lanka government / standards draft (hosted on Plantation & Community Infrastructure Ministry site),SLTEA-014,2042,300,16,5,restriction period. 7.14.10.3 there shall be procedures dealing with re -entry of persons on the farm after application of plant protection products. 7.14.11 personal protective equipment 7.14.11.1 operators shall be equipped with suitable personal protective equipment ppe in accordance with the sls 1609 as appropriate to the danger posed to the applicator. 7.14.11.2 personal protective gear shall be cleaned after use minimizing the environmental contamination and stored separately from pesticides. 7.14.12 pre-harvest interval 7.14.12.1 producers shall be strictly adhered to pre -harvest intervals prescribed in pesticide product labels. 7.14.13 spray equipment 7.14.13.1 spray equipment shall conform to the sls 1608 part 1 and be calibrated and kept in good working condition. 7.14.13.2 calibration shall be carried out as and when necessary to ensure accurate delivery of the required quantity of pesticide. 7.14.13.3 equipment used for chemical application shall be properly cleaned and securely stored. 7.14.13.4 when chemical applications are done using drones or advanced techniques proper guidance be obtained from the relevant authority with regard to delivery of exact levels of active ingredients ensure minimal non target effects on crop harvest environment workers and community. 7.14.14 disposal of surplus spray mix dsls 1523 part 9 . 16 7.14.14.1 surplus spray mix and tank washings shall be disposed of with utmost care this can be sprayed on the treated part of the crop as long as the recommended dosage has not been exceeded or on designated fallow land away from water sources . records shall be kept of such spraying. 7.14.15 pesticide storage 7.14.15.1 pesticides shall be stored separately in the chemical stores under strict supervision and in accordance with the national regulations. 7.14.15.2 pesticides shall be stored in a secured water -resistant well-ventilated and well-lit location away from other materials. 7.14.15.3 all shelves shall be made of non-absorbent materials. 7.14.15.4 the
SLTEA_063,sustainability,DSLS-GAP-TEA (Draft Sri Lanka Standard: Good Agricultural Practices – Tea) (Part 18),"pesticide store shall be able to retain spillage. 7.14.15.5 There shall be adequate facilities for measuring and mixing of pesticides. 7.14.15.6 There shall be emergency facilities to deal with contamination and accidental spillage including the first aid facility. 7.14.15.7 Keys and access to the store shall be limited to designated personal with adequate knowledge on safe handling of pesticides. 7.14.15.8 A procedure to handle accidents, a list of emergency telephone numbers and the location of the nearest telephone shall be avail able within the immediate vicinity of the store. Similar information shall also be available next to the designated telephone. 7.14.15.9 An inventory of the pesticides in store shall be kept, updated and maintained and readily available for inspection. 7.14.15.10 All pesticides shall be stored in their original packaging. 7.14.15.11 Only the pesticides that are recommended and registered for use by the relevant authority on tea on the farm shall be stored. 7.14.15.12 Solid pesticides shall be stored on shelves above liquids or stored separately. 7.14.15.13 Hazard and warning signs of potential dangers shall be placed on access doors. 7.14.16 Empty pesticide containers 7.14.16.1 Empty pesticide containers shall not be re -used. The disposal of empty pesticide containers shall be in a manner that prevents exposure to humans and contamination of the environment. 7.14.16.2 Collection and disposal systems shall be formalized. 7.14.16.3 Empty containers shall be rinsed at least three times with water and the washings are returned to the spray tank before disposing. DSLS 1523 Part 9: ………. 17 7.14.16.4 Unless participating in established recycling programmes or with expressed permission from the authorities, rinsed containers shall be pierced and dented to prevent reuse. 7.14.16.5 Until disposal, empty containers shall store in a premise that is weatherproof and access controlled for authorized personnel only. 7.14.16.6 Disposal or destruction of containers","['2025', 'official document', 'sustainability', 'quality', 'disease/pests']",Sri Lanka government / standards draft (hosted on Plantation & Community Infrastructure Ministry site),SLTEA-014,2012,300,19,5,pesticide store shall be able to retain spillage. 7.14.15.5 there shall be adequate facilities for measuring and mixing of pesticides. 7.14.15.6 there shall be emergency facilities to deal with contamination and accidental spillage including the first aid facility. 7.14.15.7 keys and access to the store shall be limited to designated personal with adequate knowledge on safe handling of pesticides. 7.14.15.8 a procedure to handle accidents a list of emergency telephone numbers and the location of the nearest telephone shall be avail able within the immediate vicinity of the store. similar information shall also be available next to the designated telephone. 7.14.15.9 an inventory of the pesticides in store shall be kept updated and maintained and readily available for inspection. 7.14.15.10 all pesticides shall be stored in their original packaging. 7.14.15.11 only the pesticides that are recommended and registered for use by the relevant authority on tea on the farm shall be stored. 7.14.15.12 solid pesticides shall be stored on shelves above liquids or stored separately. 7.14.15.13 hazard and warning signs of potential dangers shall be placed on access doors. 7.14.16 empty pesticide containers 7.14.16.1 empty pesticide containers shall not be re -used. the disposal of empty pesticide containers shall be in a manner that prevents exposure to humans and contamination of the environment. 7.14.16.2 collection and disposal systems shall be formalized. 7.14.16.3 empty containers shall be rinsed at least three times with water and the washings are returned to the spray tank before disposing. dsls 1523 part 9 . 17 7.14.16.4 unless participating in established recycling programmes or with expressed permission from the authorities rinsed containers shall be pierced and dented to prevent reuse. 7.14.16.5 until disposal empty containers shall store in a premise that is weatherproof and access controlled for authorized personnel only. 7.14.16.6 disposal or destruction of containers
SLTEA_064,sustainability,DSLS-GAP-TEA (Draft Sri Lanka Standard: Good Agricultural Practices – Tea) (Part 19),"shall be in accordance with the national Laws and regulations. 7.15 Bringing young tea into bearing 7.15.1 Bringing young tea into bearing shall be done timely as recommended in the relevant competent authority guidelines. 7.16 Pruning 7.16.1 Pruning type shall be determined according to pruning objective and with evidence of adequate root starch after laboratory tests or appropriate resting of tea fields with relevant authority recommendations. 7.16.2 Pruning cycle should be determined according to the climate/elevation with relevant authority guidelines. 7.16.3 Application of dolomite to correct soil pH level shall be practiced before pruning as per the relevant authority guidelines. 7.16.4 A pruning programme shall be available for every tea section/field. 7.16.5 Section/field-wise pruning programme shall be documented. 7.16.6 Records on pruning operations shall be available. 7.16.7 All safety measures shall be followed to prevent injury to personnel during pruning operations. 7.16.8 Necessary training on safe operating procedure, use of appropriate PPE on site during operations shall be imparted to all persons engaged in pruning. 7.16.9 Tipping should be done as per the relevant authority guidelines. 7.16.10 Appropriate post prune cultural practices shall be implemented on time as per the relevant authority guideline. 7.17 Filling vacancy 7.17.1 Estimation of field vacancies shall be established soon after pruning. 7.17.2 Vacancies in tea fields should be in -filled with respective cultivars when necessary, according to the relevant authority guidelines. 7.18 Harvesting DSLS 1523 Part 9: ………. 18 7.18.1 Plucking shall be done according to relevant authority recommendations on harvesting policy ensuring green tea leaf standards, bush health and suitability of the crop. 7.18.2 Harvesting should be done in a manner that is hygienic and protects the quality of the leaf. 7.18.3 Measures should be taken to avoid leaf contamination dur ing harvesting, handling, weighing, transportation, and reception at the factory. 7.18.4 Green","['2025', 'official document', 'sustainability', 'quality', 'disease/pests']",Sri Lanka government / standards draft (hosted on Plantation & Community Infrastructure Ministry site),SLTEA-014,2060,300,19,5,shall be in accordance with the national laws and regulations. 7.15 bringing young tea into bearing 7.15.1 bringing young tea into bearing shall be done timely as recommended in the relevant competent authority guidelines. 7.16 pruning 7.16.1 pruning type shall be determined according to pruning objective and with evidence of adequate root starch after laboratory tests or appropriate resting of tea fields with relevant authority recommendations. 7.16.2 pruning cycle should be determined according to the climate elevation with relevant authority guidelines. 7.16.3 application of dolomite to correct soil ph level shall be practiced before pruning as per the relevant authority guidelines. 7.16.4 a pruning programme shall be available for every tea section field. 7.16.5 section field-wise pruning programme shall be documented. 7.16.6 records on pruning operations shall be available. 7.16.7 all safety measures shall be followed to prevent injury to personnel during pruning operations. 7.16.8 necessary training on safe operating procedure use of appropriate ppe on site during operations shall be imparted to all persons engaged in pruning. 7.16.9 tipping should be done as per the relevant authority guidelines. 7.16.10 appropriate post prune cultural practices shall be implemented on time as per the relevant authority guideline. 7.17 filling vacancy 7.17.1 estimation of field vacancies shall be established soon after pruning. 7.17.2 vacancies in tea fields should be in -filled with respective cultivars when necessary according to the relevant authority guidelines. 7.18 harvesting dsls 1523 part 9 . 18 7.18.1 plucking shall be done according to relevant authority recommendations on harvesting policy ensuring green tea leaf standards bush health and suitability of the crop. 7.18.2 harvesting should be done in a manner that is hygienic and protects the quality of the leaf. 7.18.3 measures should be taken to avoid leaf contamination dur ing harvesting handling weighing transportation and reception at the factory. 7.18.4 green
SLTEA_065,sustainability,DSLS-GAP-TEA (Draft Sri Lanka Standard: Good Agricultural Practices – Tea) (Part 20),"tea leaf shall be transported to the factory according to the relevant authority regulation to avoid deterioration, contamination and the subsequent loss of quality. 7.18.5 Mode of transport , equipment and containers should be desig ned to prevent contamination, maintain green tea leaf quality and hygiene and allow adequate ventilation. 7.18.6 Measures should be put in place to prevent falsification of weights at tea buying and collection centers as per the guideline. 7.18.7 Measures should be put in place at green tea leaf weighing, buying and collection points to control possible contamination and ensure the leaf complies with set quality specification and minimizes post-harvest losses. 7.18.8 Weighing should be done using calibrated and licensed equipment. 7.18.9 All records on green tea leaf shall be documented and monitored. 7.18.10 Harvesting Procedure 7.18.10.1 The harvesters shall be trained on harvesting of green tea leaf in order to maintain the leaf quality and bush health. 7.18.10.2 A management plan shall be maintained for manual/mechanical harvesting aiming at leaf quality and bush health. 7.18.10.3 Mechanized harvesters shall be trained and skilled on correct use of tools/machines for quality harvest and bush health. 7.18.11 Hygiene at harvesting 7.18.11.1 The hygienic procedure shall ensure reusable containers, tools and equipment and handling areas are cleaned and free from any contaminants. 7.18.11.2 Appropriate p ersonal hygiene practices should be maintained and the personnel should be sensitized on appropriate behaviour, handling of equipment and personal protection. 7.18.11.3 Harvesting and transportation containers should be clean, and free from contamination. 7.18.11.4 Where harvesting machines are us ed, they should be maintained in good hygienic condition. 7.18.11.5 The hygiene procedure shall take into consideration in handling green tea leaf from DSLS 1523 Part 9: ………. 19 field and in transporting vehicles. 7.18.11.6 The hygienic procedures shall take into consideration personal hygiene and","['2025', 'official document', 'sustainability', 'quality', 'disease/pests']",Sri Lanka government / standards draft (hosted on Plantation & Community Infrastructure Ministry site),SLTEA-014,2054,300,16,5,tea leaf shall be transported to the factory according to the relevant authority regulation to avoid deterioration contamination and the subsequent loss of quality. 7.18.5 mode of transport equipment and containers should be desig ned to prevent contamination maintain green tea leaf quality and hygiene and allow adequate ventilation. 7.18.6 measures should be put in place to prevent falsification of weights at tea buying and collection centers as per the guideline. 7.18.7 measures should be put in place at green tea leaf weighing buying and collection points to control possible contamination and ensure the leaf complies with set quality specification and minimizes post-harvest losses. 7.18.8 weighing should be done using calibrated and licensed equipment. 7.18.9 all records on green tea leaf shall be documented and monitored. 7.18.10 harvesting procedure 7.18.10.1 the harvesters shall be trained on harvesting of green tea leaf in order to maintain the leaf quality and bush health. 7.18.10.2 a management plan shall be maintained for manual mechanical harvesting aiming at leaf quality and bush health. 7.18.10.3 mechanized harvesters shall be trained and skilled on correct use of tools machines for quality harvest and bush health. 7.18.11 hygiene at harvesting 7.18.11.1 the hygienic procedure shall ensure reusable containers tools and equipment and handling areas are cleaned and free from any contaminants. 7.18.11.2 appropriate p ersonal hygiene practices should be maintained and the personnel should be sensitized on appropriate behaviour handling of equipment and personal protection. 7.18.11.3 harvesting and transportation containers should be clean and free from contamination. 7.18.11.4 where harvesting machines are us ed they should be maintained in good hygienic condition. 7.18.11.5 the hygiene procedure shall take into consideration in handling green tea leaf from dsls 1523 part 9 . 19 field and in transporting vehicles. 7.18.11.6 the hygienic procedures shall take into consideration personal hygiene and
SLTEA_066,sustainability,DSLS-GAP-TEA (Draft Sri Lanka Standard: Good Agricultural Practices – Tea) (Part 21),"potential contaminations through worker’s personal belongings carried in the harvesting containers. 7.18.11.7 Pluckers shall have access to clean their hands in the vicinity. 7.18.11.8 Harvest workers shall have access to clean toilets in the vicinity of their work. 7.18.12 Quality attributes of green tea leaf 7.18.12.1 Green tea leaf shall be harvested within the specified round length (days) as per elevations and means of harvesting. 7.18.12.2 For the purpose of obtaining best quality tea, the standard of green tea leaf shall be as specified in relevant authority recommendations. 7.18.12.3 Harvested green tea leaf shall be handled in a manner that minimizes bruising, crushing and any contamination 7.19 Handling of green tea leaf in the field 7.19.1 Harvested green tea leaf shall be handled in a manner that minimizes bruising, crushing and any contamination. 7.19.2 Inspection of harvested leaf shall be made and sorting conducted under a shade (from sun & rain) to remove unwanted materials. 7.20 Leaf weighing points 7.20.1 Weighing points shall be prepared with elevated structures in such a way that harvested leaf shall not come into contact with soil and animals. 7.20.2 Leaf handling points shall be cleaned before use. 7.20.3 Leaf sheds or leaf collecting/weighing points shall not be used for mixing or storing of chemicals, fertilizers, sprayers etc. 7.21 Leaf transport and handling to processing factory 7.21.1 Handling of green tea leaf (collection centers to processing factory) 7.21.2 Properly harvested green tea leaf shall be collected into suitable bags or containers, preferably aerated ones and packed lightly to avoid crushing and heating while on transit to the processing factory. 7.21.3 Bags or containers used to store chemicals and feeds shall not be re-used. 7.21.4 Re-usable crates, boxes , containers and vehicles used to transport harvested produce shall be cleaned to ensure that they are free","['2025', 'official document', 'sustainability', 'quality', 'disease/pests']",Sri Lanka government / standards draft (hosted on Plantation & Community Infrastructure Ministry site),SLTEA-014,1937,300,13,5,potential contaminations through worker s personal belongings carried in the harvesting containers. 7.18.11.7 pluckers shall have access to clean their hands in the vicinity. 7.18.11.8 harvest workers shall have access to clean toilets in the vicinity of their work. 7.18.12 quality attributes of green tea leaf 7.18.12.1 green tea leaf shall be harvested within the specified round length days as per elevations and means of harvesting. 7.18.12.2 for the purpose of obtaining best quality tea the standard of green tea leaf shall be as specified in relevant authority recommendations. 7.18.12.3 harvested green tea leaf shall be handled in a manner that minimizes bruising crushing and any contamination 7.19 handling of green tea leaf in the field 7.19.1 harvested green tea leaf shall be handled in a manner that minimizes bruising crushing and any contamination. 7.19.2 inspection of harvested leaf shall be made and sorting conducted under a shade from sun rain to remove unwanted materials. 7.20 leaf weighing points 7.20.1 weighing points shall be prepared with elevated structures in such a way that harvested leaf shall not come into contact with soil and animals. 7.20.2 leaf handling points shall be cleaned before use. 7.20.3 leaf sheds or leaf collecting weighing points shall not be used for mixing or storing of chemicals fertilizers sprayers etc. 7.21 leaf transport and handling to processing factory 7.21.1 handling of green tea leaf collection centers to processing factory 7.21.2 properly harvested green tea leaf shall be collected into suitable bags or containers preferably aerated ones and packed lightly to avoid crushing and heating while on transit to the processing factory. 7.21.3 bags or containers used to store chemicals and feeds shall not be re-used. 7.21.4 re-usable crates boxes containers and vehicles used to transport harvested produce shall be cleaned to ensure that they are free
SLTEA_067,sustainability,DSLS-GAP-TEA (Draft Sri Lanka Standard: Good Agricultural Practices – Tea) (Part 22),"from foreign materials, soil, dirt, manure, crop residue, decaying produce, lubricant, and any other contaminant which may be detrimental to DSLS 1523 Part 9: ………. 20 the quality of the produce and/or consumers' health. 7.21.5 Harvested leaf shall be transported to the processing factory as early as possible within the same day of harvesting. 7.21.6 Transportation of green tea leaf as per relevant authority for green tea leaf from a party other than the processing factory owner, transfer of ownership is at the buying point that may be the collection shed or point of delivery at the factory. 7.22 Green tea leaf storage and transportation 7.22.1 The temporary storage (field storage and handling area storage) and the transportation method of the fresh tea leaves shall assure protection against sunlight, rain, contamination and allow sufficient space and ventilation. 7.22.2 There shall be sufficient measures to avoid compacting and crushing in the harvesting and transport containers. 7.22.3 The harvested green tea leaf shall reach the processing factory on the same day of harvesting as guided by the relevant authority. 7.23 Calibration of weighing units 7.23.1 The weighing units of harvested green tea leaf shall be calibrated at least once a year. 7.24 Management of green tea leaf collection centers 7.24.1 The collection centers should be designed to assure that green tea leaf quality is not affected after harvesting and every collection center should have clear instruction describing the reception and rejection criteria, Quality Control measures, procedures of sorting, loading a truck and good hygienic practices. 7.24.2 Every collection center should have hygiene and first aid tools. 7.24.3 Every collection center should have cleaning program, plan and record. 7.24.4 Every collection center should have separate waste bins for biodegradable and non- biodegradable sources. 7.24.5 Every collection center should have trained personnel who conduct","['2025', 'official document', 'sustainability', 'quality', 'disease/pests']",Sri Lanka government / standards draft (hosted on Plantation & Community Infrastructure Ministry site),SLTEA-014,1973,300,13,5,from foreign materials soil dirt manure crop residue decaying produce lubricant and any other contaminant which may be detrimental to dsls 1523 part 9 . 20 the quality of the produce and or consumers health. 7.21.5 harvested leaf shall be transported to the processing factory as early as possible within the same day of harvesting. 7.21.6 transportation of green tea leaf as per relevant authority for green tea leaf from a party other than the processing factory owner transfer of ownership is at the buying point that may be the collection shed or point of delivery at the factory. 7.22 green tea leaf storage and transportation 7.22.1 the temporary storage field storage and handling area storage and the transportation method of the fresh tea leaves shall assure protection against sunlight rain contamination and allow sufficient space and ventilation. 7.22.2 there shall be sufficient measures to avoid compacting and crushing in the harvesting and transport containers. 7.22.3 the harvested green tea leaf shall reach the processing factory on the same day of harvesting as guided by the relevant authority. 7.23 calibration of weighing units 7.23.1 the weighing units of harvested green tea leaf shall be calibrated at least once a year. 7.24 management of green tea leaf collection centers 7.24.1 the collection centers should be designed to assure that green tea leaf quality is not affected after harvesting and every collection center should have clear instruction describing the reception and rejection criteria quality control measures procedures of sorting loading a truck and good hygienic practices. 7.24.2 every collection center should have hygiene and first aid tools. 7.24.3 every collection center should have cleaning program plan and record. 7.24.4 every collection center should have separate waste bins for biodegradable and non- biodegradable sources. 7.24.5 every collection center should have trained personnel who conduct
SLTEA_068,sustainability,DSLS-GAP-TEA (Draft Sri Lanka Standard: Good Agricultural Practices – Tea) (Part 23),"all activities relating to Quality control and assurance. 7.25 Packaging 7.25.1 Tea should be packaged for sale in food grade containers which will assure quality and the hygienic and nutritional properties of the product. 7.25.2 Packaging material should be made of substances which are safe and suitable for their intended use. 7.25.3 All packaging material should be stored under clean and hygienic conditions. DSLS 1523 Part 9: ………. 21 7.25.4 Improper handling of containers should be avoided to prevent the possibility of contamination of tea. 7.25.5 Packaging materials shall be stored in clean storage areas to avoid contamination by physical and chemical hazards as well as storage pests. It shall also be protected from rodents, birds and other animals as well as damp to avoid mold contamination. 7.25.6 The operations of packaging shall ensure no risks of any biological, physical and chemical contaminations, adulterations and moistening etc. 7.25.7 The processor shall obtain food -grade certificates from the supplier with Material Safety Data Sheet (MSDS). 7.25.8 Bags or containers used to store chemicals and any other purposes shall not be re-used. 7.25.9 Re-usable crates, boxes, containers and vehicles used to transport harvested produce shall be cleaned to ensure that they are free from fore ign materials, soil, dirt, manure, crop residue, decaying produce, lubricant and any other contaminant which may be detrimental to the quality of the produce and/or consumers' health. 8 PROCESSING FACTORY 8.1 Traceability 8.1.1 When the tea farm or group of compliant farms does not process its own tea, the traceability shall be ensured at the processing factory. 8.2 Location, design and layout 8.2.1 Tea processing factory shall be located, designed and constructed to facilitate necessary good manufacturing practices (GMP), requirements and effectively control food hazards and protect the environment as per the guidelines stipulated by the relevant","['2025', 'official document', 'sustainability', 'quality', 'disease/pests']",Sri Lanka government / standards draft (hosted on Plantation & Community Infrastructure Ministry site),SLTEA-014,1970,300,14,5,all activities relating to quality control and assurance. 7.25 packaging 7.25.1 tea should be packaged for sale in food grade containers which will assure quality and the hygienic and nutritional properties of the product. 7.25.2 packaging material should be made of substances which are safe and suitable for their intended use. 7.25.3 all packaging material should be stored under clean and hygienic conditions. dsls 1523 part 9 . 21 7.25.4 improper handling of containers should be avoided to prevent the possibility of contamination of tea. 7.25.5 packaging materials shall be stored in clean storage areas to avoid contamination by physical and chemical hazards as well as storage pests. it shall also be protected from rodents birds and other animals as well as damp to avoid mold contamination. 7.25.6 the operations of packaging shall ensure no risks of any biological physical and chemical contaminations adulterations and moistening etc. 7.25.7 the processor shall obtain food -grade certificates from the supplier with material safety data sheet msds . 7.25.8 bags or containers used to store chemicals and any other purposes shall not be re-used. 7.25.9 re-usable crates boxes containers and vehicles used to transport harvested produce shall be cleaned to ensure that they are free from fore ign materials soil dirt manure crop residue decaying produce lubricant and any other contaminant which may be detrimental to the quality of the produce and or consumers health. 8 processing factory 8.1 traceability 8.1.1 when the tea farm or group of compliant farms does not process its own tea the traceability shall be ensured at the processing factory. 8.2 location design and layout 8.2.1 tea processing factory shall be located designed and constructed to facilitate necessary good manufacturing practices gmp requirements and effectively control food hazards and protect the environment as per the guidelines stipulated by the relevant
SLTEA_069,sustainability,DSLS-GAP-TEA (Draft Sri Lanka Standard: Good Agricultural Practices – Tea) (Part 24),"authority. The location, design and layout should ensure that: a) Manufacturing of good quality tea; b) Adequate lighting and ventilation; c) Sources of contamination, pollution, and threats to prod uct quality and food safety are identified and appropriately controlled; d) Adequate maintenance, cleaning, disinfection and monitoring of equipment, surfaces, ceilings and overhead structures is achieved; e) Materials in contact with tea are of food grade q uality, appropriately designed and easy to maintain and clean; f) Wet and dry operations are adequately separated to reduce microbiological contamination of the made tea; g) A room for sensory analysis of tea is available and designed in accordance with SLS 1484 Part 4; h) Worker safety is assured and monitored through use of appropriate controls by designated personnel; and j) Waste is managed effectively to prevent recontamination of tea, pest access and infestation. DSLS 1523 Part 9: ………. 22 8.3 Principles of hygiene 8.3.1 A risk analysis and management plan shall be performed for the processing factory, including hygiene aspects and occupational health and safety issues. 8.3.2 The hygiene procedure shall be implemented for the processing factory operations. 8.4 Personal hygiene 8.4.1 Workers shall receive basic instructions on hygiene before handling tea and manufacturing operations. 8.4.2 Workers shall implement the hygiene instructions for handling produce. 8.4.3 All workers should wear protective clothing suitable for the operation to avoid contamination. 8.4.4 The protective clothing shall be changed and/or regularly cleaned to avoid cross - contamination according to the risk analysis. 8.4.5 Smoking, eating, chewing and drinking shall be confined to designated areas away from factory / tea processing factory. 8.4.6 There shall be signs with the main hygiene instructions inside the operational areas and packing facilities clearly displayed for workers and visitors. 8.5 Hygiene facilities 8.5.1 Tea processing factory should have appropriate internal design,","['2025', 'official document', 'sustainability', 'quality', 'disease/pests']",Sri Lanka government / standards draft (hosted on Plantation & Community Infrastructure Ministry site),SLTEA-014,2048,300,12,5,authority. the location design and layout should ensure that a manufacturing of good quality tea b adequate lighting and ventilation c sources of contamination pollution and threats to prod uct quality and food safety are identified and appropriately controlled d adequate maintenance cleaning disinfection and monitoring of equipment surfaces ceilings and overhead structures is achieved e materials in contact with tea are of food grade q uality appropriately designed and easy to maintain and clean f wet and dry operations are adequately separated to reduce microbiological contamination of the made tea g a room for sensory analysis of tea is available and designed in accordance with sls 1484 part 4 h worker safety is assured and monitored through use of appropriate controls by designated personnel and j waste is managed effectively to prevent recontamination of tea pest access and infestation. dsls 1523 part 9 . 22 8.3 principles of hygiene 8.3.1 a risk analysis and management plan shall be performed for the processing factory including hygiene aspects and occupational health and safety issues. 8.3.2 the hygiene procedure shall be implemented for the processing factory operations. 8.4 personal hygiene 8.4.1 workers shall receive basic instructions on hygiene before handling tea and manufacturing operations. 8.4.2 workers shall implement the hygiene instructions for handling produce. 8.4.3 all workers should wear protective clothing suitable for the operation to avoid contamination. 8.4.4 the protective clothing shall be changed and or regularly cleaned to avoid cross - contamination according to the risk analysis. 8.4.5 smoking eating chewing and drinking shall be confined to designated areas away from factory tea processing factory. 8.4.6 there shall be signs with the main hygiene instructions inside the operational areas and packing facilities clearly displayed for workers and visitors. 8.5 hygiene facilities 8.5.1 tea processing factory should have appropriate internal design
SLTEA_070,sustainability,DSLS-GAP-TEA (Draft Sri Lanka Standard: Good Agricultural Practices – Tea) (Part 25),"equipment layout and location that ensure maintenance of good hygiene throughout the factory and prevention of cross contamination and the following should be provided; a) Foot baths, washrooms, changing rooms, and hand -washing facilities supplied with water, disinfectants liquid soap, sanitizer, disposable towels and/or hot air hand driers, as appropriate; b) Potable water conforming to SLS 614; c) Adequate lighting and “Glass” policy; d) Clean compressed air for dry cleaning; e) Non hazardous lubricants; f) Appropriate storage facilities for packaging materials, finished products (unpackaged and packaged), lubricants, fumigants; g) Facilities for appropriate waste disposal; and h) Where required, stairs in close proximity to production lines should be appropriately designed and maintained; 8.6 Sanitary facilities 8.6.1 Workers in the packing facility shall have access to clean toilets and hand washing facilities in the vicinity of their work. 8.6.2 Signs shall be clearly displayed instructing workers to wash their hands before returning to work. DSLS 1523 Part 9: ………. 23 8.6.3 There should be suitable changing facilities for the workers. 8.6.4 There should be lockable storage facilities for the workers. 8.7 Processing and storage areas 8.7.1 Processing factory and equipment shall be cleaned and maintained to prevent contamination. 8.7.2 The machines and equipment used for processing shall be cleaned adequately and the workers deployed in such operations shall be trained properly in order to carry out effective cleaning operations. 8.7.3 All equipment that come into direct contact with tea, such as rolling tables, Cr ushing, Tearing and Curling (CTC) machinery, fermenting floor/trays, floor of the rolling and fermenting area and the containers used for transfer of semi processed tea shall be regularly cleaned. 8.7.4 Storage areas shall be clearly identified and cleaned periodically. 8.7.5 Rejected green tea leaf and waste material should be stored in designated areas which are routinely cleared. 8.7.6","['2025', 'official document', 'sustainability', 'quality', 'disease/pests']",Sri Lanka government / standards draft (hosted on Plantation & Community Infrastructure Ministry site),SLTEA-014,2038,300,11,5,equipment layout and location that ensure maintenance of good hygiene throughout the factory and prevention of cross contamination and the following should be provided a foot baths washrooms changing rooms and hand -washing facilities supplied with water disinfectants liquid soap sanitizer disposable towels and or hot air hand driers as appropriate b potable water conforming to sls 614 c adequate lighting and glass policy d clean compressed air for dry cleaning e non hazardous lubricants f appropriate storage facilities for packaging materials finished products unpackaged and packaged lubricants fumigants g facilities for appropriate waste disposal and h where required stairs in close proximity to production lines should be appropriately designed and maintained 8.6 sanitary facilities 8.6.1 workers in the packing facility shall have access to clean toilets and hand washing facilities in the vicinity of their work. 8.6.2 signs shall be clearly displayed instructing workers to wash their hands before returning to work. dsls 1523 part 9 . 23 8.6.3 there should be suitable changing facilities for the workers. 8.6.4 there should be lockable storage facilities for the workers. 8.7 processing and storage areas 8.7.1 processing factory and equipment shall be cleaned and maintained to prevent contamination. 8.7.2 the machines and equipment used for processing shall be cleaned adequately and the workers deployed in such operations shall be trained properly in order to carry out effective cleaning operations. 8.7.3 all equipment that come into direct contact with tea such as rolling tables cr ushing tearing and curling ctc machinery fermenting floor trays floor of the rolling and fermenting area and the containers used for transfer of semi processed tea shall be regularly cleaned. 8.7.4 storage areas shall be clearly identified and cleaned periodically. 8.7.5 rejected green tea leaf and waste material should be stored in designated areas which are routinely cleared. 8.7.6
SLTEA_071,sustainability,DSLS-GAP-TEA (Draft Sri Lanka Standard: Good Agricultural Practices – Tea) (Part 26),"Disinfectants and cleaning agents used shall be approved for the use in food industry and doses/ rates shall be followed correctly. 8.7.7 Cleaning agents shall be kept in a designated area, separate from green tea leaf and packing materials. 8.7.8 Contamination of tea with lubricants of the machinery shall be avoided. 8.7.9 Physical hazards in green tea leaf shall be controlled before processing. 8.7.10 Breakage safe lamps or lamps with a protective cap shall be used in all storage and handling areas. 8.7.11 Packing materials shall be clean and stored in clean and hygienic conditions 8.7.12 The drying system shall be well maintained according to the processing operations manual. 8.7.13 In case of direct heaters the complete burning of the fuel shall be ensured. 8.7.14 Access of animals and birds to the facilities shall be restricted. 8.7.15 All visitors shall be aware of the relevant demands on personal hygiene. 8.7.16 All operations, items and personnel involved in tea processing shall be recorded properly and monitored daily by a designated personal. 8.7.17 Visual display mentioning do’s and don’ts shall be put up at a prominent location at the entry and in the processing areas in a language/ languages understood by all personnel DSLS 1523 Part 9: ………. 24 including visitors. 8.8 Processing of tea 8.8.1 All processing operations shall be explained in a processing operations manual and the workers involved in such operations shall be trained properly on the technical aspects as well as hygienic aspects. 8.8.2 Processing operations shall be carried out according to the specifications as laid down in the processing operations manual. 8.8.3 Withering shall be managed to ensure optimum physical and chemical properties. 8.8.4 Cleanliness shall be maintained during all the transferring steps of processing in order to ensure that the raw material or the partially processed","['2025', 'official document', 'sustainability', 'quality', 'disease/pests']",Sri Lanka government / standards draft (hosted on Plantation & Community Infrastructure Ministry site),SLTEA-014,1898,300,16,5,disinfectants and cleaning agents used shall be approved for the use in food industry and doses rates shall be followed correctly. 8.7.7 cleaning agents shall be kept in a designated area separate from green tea leaf and packing materials. 8.7.8 contamination of tea with lubricants of the machinery shall be avoided. 8.7.9 physical hazards in green tea leaf shall be controlled before processing. 8.7.10 breakage safe lamps or lamps with a protective cap shall be used in all storage and handling areas. 8.7.11 packing materials shall be clean and stored in clean and hygienic conditions 8.7.12 the drying system shall be well maintained according to the processing operations manual. 8.7.13 in case of direct heaters the complete burning of the fuel shall be ensured. 8.7.14 access of animals and birds to the facilities shall be restricted. 8.7.15 all visitors shall be aware of the relevant demands on personal hygiene. 8.7.16 all operations items and personnel involved in tea processing shall be recorded properly and monitored daily by a designated personal. 8.7.17 visual display mentioning do s and don ts shall be put up at a prominent location at the entry and in the processing areas in a language languages understood by all personnel dsls 1523 part 9 . 24 including visitors. 8.8 processing of tea 8.8.1 all processing operations shall be explained in a processing operations manual and the workers involved in such operations shall be trained properly on the technical aspects as well as hygienic aspects. 8.8.2 processing operations shall be carried out according to the specifications as laid down in the processing operations manual. 8.8.3 withering shall be managed to ensure optimum physical and chemical properties. 8.8.4 cleanliness shall be maintained during all the transferring steps of processing in order to ensure that the raw material or the partially processed
SLTEA_072,sustainability,DSLS-GAP-TEA (Draft Sri Lanka Standard: Good Agricultural Practices – Tea) (Part 27),"tea is free from any contaminants. Handling methods shall be carried out to minimize the risk of contamination. 8.8.5 Adequate temperature and time combination shall be used for blanching (steaming/roasting) of green leaves in order to inactivate the enzymes to prevent further enzymatic reactions. 8.8.6 Fermentation and drying operations shall be carried out under best conditions of energy use and hygiene conditions. 8.8.7 The appropriate work environment shall be maintained in the processing locations. 8.8.8 Sufficient measures shall be in place to avoid chances of physical hazards in the processing area. 8.9 Processing Water 8.9.1 The potable water used for processing shall be complied to SLS 614. 8.9.2 The source of water used for humidification in the fermenting area shall be potable and complied to SLS 614. 8.10 Process control 8.10.1 All process steps sh all be designed, implemented, monitored, measured, documented and reviewed for effectiveness of controls and compliance with critical limits for contaminants in accordance with Sri Lankan Standards for various tea products. 8.10.2 A systematic and effective control system which identifies potential food safety hazards arising from value chain and their measures such as HACCP shall be established. 8.10.3 Incoming green tea leaf sources should be inspected for foreign matter and be within the acceptable standards stipulated by the relevant authority. 8.10.4 Measures sh all be established to ensure tea spillages in the processing area are appropriately handled and that those intended for reuse are collected in clean and clearly marked containers and handled in a hygienic manner. 8.10.5 Equipment and instruments used for process controls shall be calibrated and maintained DSLS 1523 Part 9: ………. 25 in good state of repair. 8.10.6 Measures shall be established as appropriate, but not limited to control of pesticide residues, iron filings, foreign matter, moisture levels and microbiological contamination. 8.10.7","['2025', 'official document', 'sustainability', 'quality', 'disease/pests']",Sri Lanka government / standards draft (hosted on Plantation & Community Infrastructure Ministry site),SLTEA-014,1995,300,16,5,tea is free from any contaminants. handling methods shall be carried out to minimize the risk of contamination. 8.8.5 adequate temperature and time combination shall be used for blanching steaming roasting of green leaves in order to inactivate the enzymes to prevent further enzymatic reactions. 8.8.6 fermentation and drying operations shall be carried out under best conditions of energy use and hygiene conditions. 8.8.7 the appropriate work environment shall be maintained in the processing locations. 8.8.8 sufficient measures shall be in place to avoid chances of physical hazards in the processing area. 8.9 processing water 8.9.1 the potable water used for processing shall be complied to sls 614. 8.9.2 the source of water used for humidification in the fermenting area shall be potable and complied to sls 614. 8.10 process control 8.10.1 all process steps sh all be designed implemented monitored measured documented and reviewed for effectiveness of controls and compliance with critical limits for contaminants in accordance with sri lankan standards for various tea products. 8.10.2 a systematic and effective control system which identifies potential food safety hazards arising from value chain and their measures such as haccp shall be established. 8.10.3 incoming green tea leaf sources should be inspected for foreign matter and be within the acceptable standards stipulated by the relevant authority. 8.10.4 measures sh all be established to ensure tea spillages in the processing area are appropriately handled and that those intended for reuse are collected in clean and clearly marked containers and handled in a hygienic manner. 8.10.5 equipment and instruments used for process controls shall be calibrated and maintained dsls 1523 part 9 . 25 in good state of repair. 8.10.6 measures shall be established as appropriate but not limited to control of pesticide residues iron filings foreign matter moisture levels and microbiological contamination. 8.10.7
SLTEA_073,sustainability,DSLS-GAP-TEA (Draft Sri Lanka Standard: Good Agricultural Practices – Tea) (Part 28),"Appropriate temperature time controls sh all be established to prevent spoilage and eliminate pathogens. 8.10.8 Monitoring shall be undertaken to identify processing points and products that are out of specification; identify non-conforming products as appropriate for isolation, rework, release and /or disposal, and maintained records of actions taken. 8.10.9 Sensory evaluation sh all be undertaken as appropriate during and after processing in accordance with SLS 78 to ensure production of tea with acceptable organoleptic characteristics. 8.10.10 Cleaning and disinfection sh all be done in a manner that will safeguard the package integrity and product quality. 8.11 Quality control 8.11.1 In case of the natural and artificial flavors are used for the processing of different flavored teas, shall be approved for tea flavoring in Sri Lanka and in the country where the final product is intended to be traded. 8.11.2 The list of natural and artificial flavors used for the processing of different flavored teas and the amount used per batch shall be recorded in case of flavoring teas. 8.11.3 The key staff and/or supervisors appointed for critical operations in regard with food safety and quality shall be trained and be aware of the specifications of the process. 8.11.4 A specific storage plan shall be in place for longer term final packed product storage. 8.11.5 First-in-First-out shall be managed. 8.11.6 There shall be a process for calibrating equipment. 8.12 Product control 8.12.1 The finished product shall be stored, packaged, dispatched and transported in a manner that maintains its wholesomeness and complies with relevant Sri Lanka Standards and should be traceable to the market. 8.12.2 Contractual agreement for supplies shall be honoured by both parties. 8.12.3 A quality control system shall be established to verify compliance of finished products with specifications, and maintain records. 8.12.4 Storage bins or crates for finished tea","['2025', 'official document', 'sustainability', 'quality', 'disease/pests']",Sri Lanka government / standards draft (hosted on Plantation & Community Infrastructure Ministry site),SLTEA-014,1967,300,14,5,appropriate temperature time controls sh all be established to prevent spoilage and eliminate pathogens. 8.10.8 monitoring shall be undertaken to identify processing points and products that are out of specification identify non-conforming products as appropriate for isolation rework release and or disposal and maintained records of actions taken. 8.10.9 sensory evaluation sh all be undertaken as appropriate during and after processing in accordance with sls 78 to ensure production of tea with acceptable organoleptic characteristics. 8.10.10 cleaning and disinfection sh all be done in a manner that will safeguard the package integrity and product quality. 8.11 quality control 8.11.1 in case of the natural and artificial flavors are used for the processing of different flavored teas shall be approved for tea flavoring in sri lanka and in the country where the final product is intended to be traded. 8.11.2 the list of natural and artificial flavors used for the processing of different flavored teas and the amount used per batch shall be recorded in case of flavoring teas. 8.11.3 the key staff and or supervisors appointed for critical operations in regard with food safety and quality shall be trained and be aware of the specifications of the process. 8.11.4 a specific storage plan shall be in place for longer term final packed product storage. 8.11.5 first-in-first-out shall be managed. 8.11.6 there shall be a process for calibrating equipment. 8.12 product control 8.12.1 the finished product shall be stored packaged dispatched and transported in a manner that maintains its wholesomeness and complies with relevant sri lanka standards and should be traceable to the market. 8.12.2 contractual agreement for supplies shall be honoured by both parties. 8.12.3 a quality control system shall be established to verify compliance of finished products with specifications and maintain records. 8.12.4 storage bins or crates for finished tea
SLTEA_074,sustainability,DSLS-GAP-TEA (Draft Sri Lanka Standard: Good Agricultural Practices – Tea) (Part 29),"shall be designed to ease cleaning, constructed of food grade materials and managed in a manner that prevents additional moisture absorption. 8.12.5 Containers and packages sh all be designed in a manner that minimize damage and prevent contamination. DSLS 1523 Part 9: ………. 26 8.12.6 Where recycled materials are used, they shall not be in direct contact with the product. 8.12.7 Where required, pallets for product packaging should not compromise product safety and quality, and straps holding packages should be used in a manner that prevents damage to packages. 8.12.8 A dispatch procedure and criteria shall be established to preserve the safety and quality of the product. 8.12.9 Containers used for tea transportation should be dry, clean and free from holes, odours, leak proof and designated only for tea transport at a time. 8.12.10 Transport personnel and drivers sh all be informed and aware of food safety requirements, and appropriate vehicle s and security conditions for transporting finished products. 8.12.11 Vehicles and containerized transport shall be locked with a security seal to be opened only by authorized personne l at the designated point of un loading and the seal identification number shall be traced to the warehouse. 8.12.12 The producer/exporter sh all establish a documented system to ensure every unit or batch of the products is traceable. 8.12.13 A procedure shall be established to ensure tea samples are representative of the offered lot and that non-conforming products are handled appropriately. 8.13 Pest control 8.13.1 Facilities, packaging storage areas and surrounding areas shall be monitored, kept clean and maintained to avoid pest attractions and contaminations 8.13.2 Site plans with bait points and/or traps, shall be available. 8.13.3 Baits shall be placed in such a manner that non-target species do not have access. 8.13.4 Detailed records of pest control inspections and necessary","['2025', 'official document', 'sustainability', 'quality', 'disease/pests']",Sri Lanka government / standards draft (hosted on Plantation & Community Infrastructure Ministry site),SLTEA-014,1937,300,14,5,shall be designed to ease cleaning constructed of food grade materials and managed in a manner that prevents additional moisture absorption. 8.12.5 containers and packages sh all be designed in a manner that minimize damage and prevent contamination. dsls 1523 part 9 . 26 8.12.6 where recycled materials are used they shall not be in direct contact with the product. 8.12.7 where required pallets for product packaging should not compromise product safety and quality and straps holding packages should be used in a manner that prevents damage to packages. 8.12.8 a dispatch procedure and criteria shall be established to preserve the safety and quality of the product. 8.12.9 containers used for tea transportation should be dry clean and free from holes odours leak proof and designated only for tea transport at a time. 8.12.10 transport personnel and drivers sh all be informed and aware of food safety requirements and appropriate vehicle s and security conditions for transporting finished products. 8.12.11 vehicles and containerized transport shall be locked with a security seal to be opened only by authorized personne l at the designated point of un loading and the seal identification number shall be traced to the warehouse. 8.12.12 the producer exporter sh all establish a documented system to ensure every unit or batch of the products is traceable. 8.12.13 a procedure shall be established to ensure tea samples are representative of the offered lot and that non-conforming products are handled appropriately. 8.13 pest control 8.13.1 facilities packaging storage areas and surrounding areas shall be monitored kept clean and maintained to avoid pest attractions and contaminations 8.13.2 site plans with bait points and or traps shall be available. 8.13.3 baits shall be placed in such a manner that non-target species do not have access. 8.13.4 detailed records of pest control inspections and necessary
SLTEA_075,sustainability,DSLS-GAP-TEA (Draft Sri Lanka Standard: Good Agricultural Practices – Tea) (Part 30),"actions taken, shall be kept. 8.14 Maintenance and sanitation 8.14.1 Maintenance and sanitation procedures and programs shall be established to cover all areas of the manufacturing premises and ensure that; a) Efficient operation of all factory machinery and equipment; b) Effective cleaning and disinfection of all facilities and equipment are undertaken; c) Use of approved and food grade solvents, oils, lubricants, detergents and disinfectants is adhered to; and d) Monitoring is done to establish effectiveness of maintenance, cleaning and sanitation programs. 8.15 Storage of tea samples DSLS 1523 Part 9: ………. 27 There shall be in place, a system where representative samples of tea lot (with reference codes) are kept and to be analyzed in case of any complaint. 9 WORKER’S HEALTH, SAFETY AND WELFARE A policy statement of the organization shall be in place on the Occupational Health and Safety of the workers that includes compliance to the legal requirements and appropriately to the scale of the operation. 9.1 Action plan There shall be an action plan to promote safe and healthy working conditions. Workers who are handling final product shall be medically screened as per the legal requirement. 9.2 Training 9.2.1 Training shall be given to workers operating risky or sophisticated equipment where applicable. 9.2.2 Workers shall undergo training on requirements of GAP including hygiene and food safety. The aspects of hygiene shall include personal cleanliness, clothing cleanliness and personal behavior. Workers shall be made aware of the requirement to notify management when they are in contact with anyone with a communicable disease which may render them unfit to work in the vicinity of produce destined for human consumption. 9.2.3 Records of training for each employee shall be kept. 9.2.4 Accident and emergency procedures shall be available with clear instructions to all workers associated with the farm activities","['2025', 'official document', 'sustainability', 'quality', 'disease/pests']",Sri Lanka government / standards draft (hosted on Plantation & Community Infrastructure Ministry site),SLTEA-014,1943,300,13,5,actions taken shall be kept. 8.14 maintenance and sanitation 8.14.1 maintenance and sanitation procedures and programs shall be established to cover all areas of the manufacturing premises and ensure that a efficient operation of all factory machinery and equipment b effective cleaning and disinfection of all facilities and equipment are undertaken c use of approved and food grade solvents oils lubricants detergents and disinfectants is adhered to and d monitoring is done to establish effectiveness of maintenance cleaning and sanitation programs. 8.15 storage of tea samples dsls 1523 part 9 . 27 there shall be in place a system where representative samples of tea lot with reference codes are kept and to be analyzed in case of any complaint. 9 worker s health safety and welfare a policy statement of the organization shall be in place on the occupational health and safety of the workers that includes compliance to the legal requirements and appropriately to the scale of the operation. 9.1 action plan there shall be an action plan to promote safe and healthy working conditions. workers who are handling final product shall be medically screened as per the legal requirement. 9.2 training 9.2.1 training shall be given to workers operating risky or sophisticated equipment where applicable. 9.2.2 workers shall undergo training on requirements of gap including hygiene and food safety. the aspects of hygiene shall include personal cleanliness clothing cleanliness and personal behavior. workers shall be made aware of the requirement to notify management when they are in contact with anyone with a communicable disease which may render them unfit to work in the vicinity of produce destined for human consumption. 9.2.3 records of training for each employee shall be kept. 9.2.4 accident and emergency procedures shall be available with clear instructions to all workers associated with the farm activities
SLTEA_076,sustainability,DSLS-GAP-TEA (Draft Sri Lanka Standard: Good Agricultural Practices – Tea) (Part 31),". These procedures shall be displayed in the appropriate language of the workforce. 9.2.5 Instructions shall be supported by symbols where possible. 9.3 Facilities and equipment 9.3.1 First aid boxes shall be available at permanent sites on the farm. All workers shall be informed of these locations and the personnel-in-charge of safety. 9.3.2 All hazards shall be clearly identified by warning signs and symbols where appropriate. 9.3.3 Adequate precautions shall be taken, to prevent on farm and factory accidents including fire, insect and snake bites during farm and factory operation. 9.3.4 Fuel (petrol/diesel/gas/kerosene coal/firewood shall be stored in such a way that there are no risks from fire and flood or contamination of the area. 9.4 Pesticide handling 9.4.1 Workers undertaking pesticide applications on the farm shall receive regu lar health checks in line with guidelines based on regulatory requirements. 9.5 Worker Health and safety DSLS 1523 Part 9: ………. 28 9.5.1 In case of any government -mandated health emergency, all applicable protocols shall be followed by the entity and adequate records are to be maintained to demonstrate compliance. 9.5.2 A record shall be maintained documenting all the occupational healt h and safety incidents and accidents in the garden and/or factory. A corrective action plan shall be implemented to prevent such occurrences. 9.5.3 All legal compliances related to workforce accidents including statutory reporting, corrective action, an d legally mandated actions shall be complied with. The entity shall maintain reports on actions taken by the management and compensation provided as per law in case of any major accident. 9.5.4 Personal protective equipments (PPEs) and clothing shall be provided free of cost to all workers on hazardous jobs, shall be suited to the type of work, product or machinery handled and the proper use of PPEs by workers shall be monitored. The","['2025', 'official document', 'sustainability', 'quality', 'disease/pests']",Sri Lanka government / standards draft (hosted on Plantation & Community Infrastructure Ministry site),SLTEA-014,1933,300,17,5,. these procedures shall be displayed in the appropriate language of the workforce. 9.2.5 instructions shall be supported by symbols where possible. 9.3 facilities and equipment 9.3.1 first aid boxes shall be available at permanent sites on the farm. all workers shall be informed of these locations and the personnel-in-charge of safety. 9.3.2 all hazards shall be clearly identified by warning signs and symbols where appropriate. 9.3.3 adequate precautions shall be taken to prevent on farm and factory accidents including fire insect and snake bites during farm and factory operation. 9.3.4 fuel petrol diesel gas kerosene coal firewood shall be stored in such a way that there are no risks from fire and flood or contamination of the area. 9.4 pesticide handling 9.4.1 workers undertaking pesticide applications on the farm shall receive regu lar health checks in line with guidelines based on regulatory requirements. 9.5 worker health and safety dsls 1523 part 9 . 28 9.5.1 in case of any government -mandated health emergency all applicable protocols shall be followed by the entity and adequate records are to be maintained to demonstrate compliance. 9.5.2 a record shall be maintained documenting all the occupational healt h and safety incidents and accidents in the garden and or factory. a corrective action plan shall be implemented to prevent such occurrences. 9.5.3 all legal compliances related to workforce accidents including statutory reporting corrective action an d legally mandated actions shall be complied with. the entity shall maintain reports on actions taken by the management and compensation provided as per law in case of any major accident. 9.5.4 personal protective equipments ppes and clothing shall be provided free of cost to all workers on hazardous jobs shall be suited to the type of work product or machinery handled and the proper use of ppes by workers shall be monitored. the
SLTEA_077,sustainability,DSLS-GAP-TEA (Draft Sri Lanka Standard: Good Agricultural Practices – Tea) (Part 32),"usage of PPEs shall have a clear link with the risk management plan related to workplace health and safety. 9.6 Workers’ hygiene 9.6.1 Hygiene protocol for workers shall be put in place in order to prevent physical, microbiological and chemical contamination of the produce. 9.6.2 Workers shall be encouraged to wear Personal Protective Equipment (PPE) to prevent possible contaminations. 9.6.3 Workers shall have access to clean toilets and washing facilities in the vicinity of their work. 9.6.4 Workers shall receive basic training on hygiene requirements for the handling of produce. The training program shall outline the need for hand cleaning, covering of skin cuts, and the confinement of smoking, eating and drinking in permitted areas. 9.7 Worker Welfare 9.7.1 All employment conditions shall comply with National Employment Regulations. 9.7.2 Appropriate actions shall be taken to promote safe and healthy working conditions. 9.7.3 If on-site living quarters are provided, they shall be habitable and have basic amenities and facilities. 10 SOCIAL JUSTICE 10.1 The certification body shall not certify the GAP production in the case of clear social injustice or any violation of basic human rights. 10.2 Farm shall not engage in or support the use of child labour. Farm shall comply with Sri Lankan child labour laws regarding minimum working age. 10.3 Wages, decent work and worker rights shall be in line with national labour laws. DSLS 1523 Part 9: ………. 29 10.4 Employees shall have equal opportunities, treatment and equal wages when performing the same level of work, regardless of colour, gender, religion, race, political opinion, nationality, extraction or origin. 10.5 The operator shall provide adequate health and safety measures for employees, casual workers and contractors to prevent accidents and injuries to health arising out of, linked with or occurring in the course of work, by minimizing, so far","['2025', 'official document', 'sustainability', 'quality', 'disease/pests']",Sri Lanka government / standards draft (hosted on Plantation & Community Infrastructure Ministry site),SLTEA-014,1927,300,16,5,usage of ppes shall have a clear link with the risk management plan related to workplace health and safety. 9.6 workers hygiene 9.6.1 hygiene protocol for workers shall be put in place in order to prevent physical microbiological and chemical contamination of the produce. 9.6.2 workers shall be encouraged to wear personal protective equipment ppe to prevent possible contaminations. 9.6.3 workers shall have access to clean toilets and washing facilities in the vicinity of their work. 9.6.4 workers shall receive basic training on hygiene requirements for the handling of produce. the training program shall outline the need for hand cleaning covering of skin cuts and the confinement of smoking eating and drinking in permitted areas. 9.7 worker welfare 9.7.1 all employment conditions shall comply with national employment regulations. 9.7.2 appropriate actions shall be taken to promote safe and healthy working conditions. 9.7.3 if on-site living quarters are provided they shall be habitable and have basic amenities and facilities. 10 social justice 10.1 the certification body shall not certify the gap production in the case of clear social injustice or any violation of basic human rights. 10.2 farm shall not engage in or support the use of child labour. farm shall comply with sri lankan child labour laws regarding minimum working age. 10.3 wages decent work and worker rights shall be in line with national labour laws. dsls 1523 part 9 . 29 10.4 employees shall have equal opportunities treatment and equal wages when performing the same level of work regardless of colour gender religion race political opinion nationality extraction or origin. 10.5 the operator shall provide adequate health and safety measures for employees casual workers and contractors to prevent accidents and injuries to health arising out of linked with or occurring in the course of work by minimizing so far
SLTEA_078,sustainability,DSLS-GAP-TEA (Draft Sri Lanka Standard: Good Agricultural Practices – Tea) (Part 33),"as is reasonably practical, the causes of hazards inherent in the working environment. 10.6 The verified facility shall maintain records of all workers employed, including temporary and casual workers, in the factory and on -field. The documentation shall include names, rate of wages paid, age, gender and type of employment. 11 ENVIRONMENTAL CONSERVATION 11.1 Impact of farming on the environment 11.1.1 Crop producers shall conform to existing environmental legislation. This covers the concern for air, water, soil, biodiversity and other environmental issues. 11.1.2 Deforestation of primary and secondary forests shall be prohibited. 11.1.3 Forest patches and biodiversity corridors shall be conserved. 11.1.4 Watersheds shall be protected and conserved. 11.1.5 Native or well-adapted tree species shall be used as shade for the tea where applicable as per the relevant authority guideline. 11.1.6 Native vegetation shall be allowed to grow along streams. 11.1.7 Threatened and endangered species and habitats shall be protected, including adequate measures to restrict hunting or commercial collection of flora and fauna. 11.1.8 If the farm is within two kilometers of a designated park or biological corridor, there shall be evidence that the producer has communication with the public park managers. 11.1.9 Areas of ecological, social, cultural or religious significance should be clearly identified, delineated and preserved. 11.2 Wildlife and biodiversity 11.2.1 The estates shall ensure the conservation of nature and restoration of environment by taking actions such as maintaining and developing natural areas , streams etc., as means of reducing the impact of tea farming. 11.2.2 Biodiversity and its trends should be monitored regularly. Also actions to protect biodiversity hot spots including habitats of threatened and endangered species in the plantation should be followed 11.2.3 Crop producers shall always be conscious of the need to conserve wildlife, biodiversity, high conservation value areas and the enhancement of agricultural biodiversity.","['2025', 'official document', 'sustainability', 'quality', 'disease/pests']",Sri Lanka government / standards draft (hosted on Plantation & Community Infrastructure Ministry site),SLTEA-014,2069,300,16,5,as is reasonably practical the causes of hazards inherent in the working environment. 10.6 the verified facility shall maintain records of all workers employed including temporary and casual workers in the factory and on -field. the documentation shall include names rate of wages paid age gender and type of employment. 11 environmental conservation 11.1 impact of farming on the environment 11.1.1 crop producers shall conform to existing environmental legislation. this covers the concern for air water soil biodiversity and other environmental issues. 11.1.2 deforestation of primary and secondary forests shall be prohibited. 11.1.3 forest patches and biodiversity corridors shall be conserved. 11.1.4 watersheds shall be protected and conserved. 11.1.5 native or well-adapted tree species shall be used as shade for the tea where applicable as per the relevant authority guideline. 11.1.6 native vegetation shall be allowed to grow along streams. 11.1.7 threatened and endangered species and habitats shall be protected including adequate measures to restrict hunting or commercial collection of flora and fauna. 11.1.8 if the farm is within two kilometers of a designated park or biological corridor there shall be evidence that the producer has communication with the public park managers. 11.1.9 areas of ecological social cultural or religious significance should be clearly identified delineated and preserved. 11.2 wildlife and biodiversity 11.2.1 the estates shall ensure the conservation of nature and restoration of environment by taking actions such as maintaining and developing natural areas streams etc. as means of reducing the impact of tea farming. 11.2.2 biodiversity and its trends should be monitored regularly. also actions to protect biodiversity hot spots including habitats of threatened and endangered species in the plantation should be followed 11.2.3 crop producers shall always be conscious of the need to conserve wildlife biodiversity high conservation value areas and the enhancement of agricultural biodiversity.
SLTEA_079,sustainability,DSLS-GAP-TEA (Draft Sri Lanka Standard: Good Agricultural Practices – Tea) (Part 34),"DSLS 1523 Part 9: ………. 30 11.2.4 Where Environmental Impact Assessment (EIA) is required, consideration f or the conservation of wildlife and biodiversity shall include the following areas: a) Conduct a baseline audit to understand existing animal and plant diversity on the farm. Conservation organizations may be requested to conduct surveys to measure biodiversity and identify areas of concern; b) Take action to avoid damage and deterioration of habitats on the farm; and c) Create an action plan to enhance habitats and increase biodiversity on the farm complying with the national legislation. 11.3 Water conservation 11.3.1 The water use efficiency plan shall be developed covering usage, optimisation, availability and conservation techniques. 11.3.2 Periodic community outreach programs and training of all employees and in -farm residents shall be carried out regarding water use efficiency. 11.4 Unproductive sites Crop producers are encouraged to convert unproductive sites in their farms into conservation areas of natural flora and fauna. 11.5 Energy use and efficiency 11.5.1 There shall be an action plan to monitor effective and efficient use of energy and adequate training shall be provided to the operating personnel of all operational areas to ensure optimum use of energy. 11.5.2 The farm, group of registered farms, or processing unit shall demonstrate measures to conserve or use energy more efficiently in energy intensive activities and the use of renewable energy sources should be encouraged. 11.5.3 Farming equipment shall be selected and maintained for optimum energy efficiency. 12 SUSTAINABLE WASTE AND POLLUTION MANAGEMENT, RECYCLING AND RE-USE 12.1 All possible waste products and sources of pollution shall be identified in all areas of the production and processing and sufficient ly specified adequate disposal areas shall be provided. 12.2 A waste management plan that includes classification, options for prevention, segregation, reduction, recycling, and environmentally acceptable disposal shall be","['2025', 'official document', 'sustainability', 'quality', 'disease/pests']",Sri Lanka government / standards draft (hosted on Plantation & Community Infrastructure Ministry site),SLTEA-014,2040,300,11,5,dsls 1523 part 9 . 30 11.2.4 where environmental impact assessment eia is required consideration f or the conservation of wildlife and biodiversity shall include the following areas a conduct a baseline audit to understand existing animal and plant diversity on the farm. conservation organizations may be requested to conduct surveys to measure biodiversity and identify areas of concern b take action to avoid damage and deterioration of habitats on the farm and c create an action plan to enhance habitats and increase biodiversity on the farm complying with the national legislation. 11.3 water conservation 11.3.1 the water use efficiency plan shall be developed covering usage optimisation availability and conservation techniques. 11.3.2 periodic community outreach programs and training of all employees and in -farm residents shall be carried out regarding water use efficiency. 11.4 unproductive sites crop producers are encouraged to convert unproductive sites in their farms into conservation areas of natural flora and fauna. 11.5 energy use and efficiency 11.5.1 there shall be an action plan to monitor effective and efficient use of energy and adequate training shall be provided to the operating personnel of all operational areas to ensure optimum use of energy. 11.5.2 the farm group of registered farms or processing unit shall demonstrate measures to conserve or use energy more efficiently in energy intensive activities and the use of renewable energy sources should be encouraged. 11.5.3 farming equipment shall be selected and maintained for optimum energy efficiency. 12 sustainable waste and pollution management recycling and re-use 12.1 all possible waste products and sources of pollution shall be identified in all areas of the production and processing and sufficient ly specified adequate disposal areas shall be provided. 12.2 a waste management plan that includes classification options for prevention segregation reduction recycling and environmentally acceptable disposal shall be
SLTEA_080,sustainability,DSLS-GAP-TEA (Draft Sri Lanka Standard: Good Agricultural Practices – Tea) (Part 35),"developed and implemented to prevent or reduce waste and pollution . Crop debris and waste s hall be composted and re-used for soil conditioning and shall not be burnt. 12.3 There shall also be a plan for proper disposal of household waste from the worker quarters within the tea plantations and houses in small holder communities. 12.4 For the discharge of any wastewater from the tea factory, appropriate measures as DSLS 1523 Part 9: ………. 31 prescribed by the regulatory authorities shall be followed. 12.5 Preventive measures shall be in place to prevent contamination of the tea plantation from human sewage contamination. 12.6 Rivers, streams or other natural waterbodies shall be protected from being used for disposal of any kind of waste or debris. 13 PACKAGING REQUIREMENTS 13.1 Tea shall be packaged for sale in food grade containers which will safeguard the hygienic and nutritional qualities of the product. 13.2 Producers shall not use packaging material that may contaminate GAP produce or products. 13.3 Packaging material should be made of substances which are safe and suitable for their intended use. 13.4 All packaging material should be stored in a clean and hygienic condition. 13.5 Where produce is field packed, packaging shall not be left in the field overnight where risk of contamination and moistening exists. 13.6 Packaging materials, storage containers or bins that contain a synthetic pesticide, preservative, fumigant or their residues shall be prohibited. 13.7 Recycled materials shall not be used for packaging of GAP produce or products. 13.8 Agricultural produce from conventional agriculture shall not be packed together with GAP-certified and GAP-labeled products. 13.9 Tea packages should be kept away from the floor on pallets (no contact with floor). 13.10 Pallets used should be constructed and tre ated in a manner that preserves tea quality and integrity of","['2025', 'official document', 'sustainability', 'quality', 'disease/pests']",Sri Lanka government / standards draft (hosted on Plantation & Community Infrastructure Ministry site),SLTEA-014,1901,300,17,5,developed and implemented to prevent or reduce waste and pollution . crop debris and waste s hall be composted and re-used for soil conditioning and shall not be burnt. 12.3 there shall also be a plan for proper disposal of household waste from the worker quarters within the tea plantations and houses in small holder communities. 12.4 for the discharge of any wastewater from the tea factory appropriate measures as dsls 1523 part 9 . 31 prescribed by the regulatory authorities shall be followed. 12.5 preventive measures shall be in place to prevent contamination of the tea plantation from human sewage contamination. 12.6 rivers streams or other natural waterbodies shall be protected from being used for disposal of any kind of waste or debris. 13 packaging requirements 13.1 tea shall be packaged for sale in food grade containers which will safeguard the hygienic and nutritional qualities of the product. 13.2 producers shall not use packaging material that may contaminate gap produce or products. 13.3 packaging material should be made of substances which are safe and suitable for their intended use. 13.4 all packaging material should be stored in a clean and hygienic condition. 13.5 where produce is field packed packaging shall not be left in the field overnight where risk of contamination and moistening exists. 13.6 packaging materials storage containers or bins that contain a synthetic pesticide preservative fumigant or their residues shall be prohibited. 13.7 recycled materials shall not be used for packaging of gap produce or products. 13.8 agricultural produce from conventional agriculture shall not be packed together with gap-certified and gap-labeled products. 13.9 tea packages should be kept away from the floor on pallets no contact with floor . 13.10 pallets used should be constructed and tre ated in a manner that preserves tea quality and integrity of
SLTEA_081,sustainability,DSLS-GAP-TEA (Draft Sri Lanka Standard: Good Agricultural Practices – Tea) (Part 36),"packages 13.11 Hygienic and mechanical conditions of transport vehicles and integrity of packages should be confirmed before dispatch and records maintained. 13.12 Packing material shall be made out of virgin material. The farmer shall obtain food - grade certificate from the supplier with Material Safety Data Sheet (MSDS). 14 MARKING AND / OR LABELLING REQUIREMENTS 14.1 The following shall be marked or labeled legibly and indelibly on each package/container: a) Name of the produce or product; b) Grade (quality/ size); c) Name and address of the crop producer; DSLS 1523 Part 9: ………. 32 d) QR code, bar code, batch code or any decipherable code marking; e) Net mass in g or kg; f) Date of manufacture/ harvest; g) Date of expiry/ best before; j) Instruction for usage; and k) Storage condition. 15 COMPLAINTS AND GRIEVANCE A complaint and grievance handling procedure shall be available and their remedial actions shall be made available on-site. 16 RECALL/WITHDRAWAL PROCEDURE The producer shall have a documented procedure that identifies the type of event that may result in a withdrawal/recall and mechanism for notifying the next step in the supply chain. 17 TRACEABILITY 17.1 The produce shall be traceable to the farm where it has been originally produced. 17.2 A system shall be in place to avoid mixing of certified and non-certified products. 18 INTERNAL AUDIT 18.1 Internal audit shall be carried out at least once a year based on the requirements of this Standard. It shall be completed and documented. 18.2 Corrective actions shall be implemented and documented. 19 RECORDS AND DOCUMENTS 19.1 The producer shall maintain an up-to date site map including the location, land extent of the farm, access to the site, tea fields, conservation area, natural ecosystems, water bodies, human settlements, buffer zones , factory layout, adjacent activities and elements","['2025', 'official document', 'sustainability', 'quality', 'disease/pests']",Sri Lanka government / standards draft (hosted on Plantation & Community Infrastructure Ministry site),SLTEA-014,1879,300,13,5,packages 13.11 hygienic and mechanical conditions of transport vehicles and integrity of packages should be confirmed before dispatch and records maintained. 13.12 packing material shall be made out of virgin material. the farmer shall obtain food - grade certificate from the supplier with material safety data sheet msds . 14 marking and or labelling requirements 14.1 the following shall be marked or labeled legibly and indelibly on each package container a name of the produce or product b grade quality size c name and address of the crop producer dsls 1523 part 9 . 32 d qr code bar code batch code or any decipherable code marking e net mass in g or kg f date of manufacture harvest g date of expiry best before j instruction for usage and k storage condition. 15 complaints and grievance a complaint and grievance handling procedure shall be available and their remedial actions shall be made available on-site. 16 recall withdrawal procedure the producer shall have a documented procedure that identifies the type of event that may result in a withdrawal recall and mechanism for notifying the next step in the supply chain. 17 traceability 17.1 the produce shall be traceable to the farm where it has been originally produced. 17.2 a system shall be in place to avoid mixing of certified and non-certified products. 18 internal audit 18.1 internal audit shall be carried out at least once a year based on the requirements of this standard. it shall be completed and documented. 18.2 corrective actions shall be implemented and documented. 19 records and documents 19.1 the producer shall maintain an up-to date site map including the location land extent of the farm access to the site tea fields conservation area natural ecosystems water bodies human settlements buffer zones factory layout adjacent activities and elements
SLTEA_082,sustainability,DSLS-GAP-TEA (Draft Sri Lanka Standard: Good Agricultural Practices – Tea) (Part 37),"which ever applicable. 19.2 Record keeping 19.2.1 Farms shall keep up-to-date records. 19.2.2 All records of the entire value chain from farm to exporter shall be maintained and retained for at least 4 years unless stipulated by any specific legislation, otherwise wherever applicable. 19.2.3 The farm records shall be accessible and audited. 19.2.4 Record keeping system shall be established in which all the essential elements are DSLS 1523 Part 9: ………. 33 captured including following details: a) Name of the farmer / grower / planter / practitioner; b) Address of the farm site / tea land / estate; c) Map of the tea land / field / estate with natural boundaries and GPS points; d) Year and season; e) The cultivar/s, the origin of the planting materials and the date of planting; f) All details of agronomic and cultural operations from planting, pruning, harvesting; g) The type, amount, the mode -of-application and the date of application of agro inputs i.e. fertilizer, plant protection products, manures etc. as recommended by the relevant authority; h) In connection with rational use of the plant protectio n products, the common name and brand / trade name, amount or dosage as per relevant circulars issued by relevant authority the name of the operator, the mode -of-application, the date of application and pre harvest interval; j) The date of harvested quantity and type of produce; and k) Waste recycling and safe disposal mechanisms. 19.2.5 Record keeping- Tea factory 19.2.5.1 Record keeping system shall be established in which all the essential elements are captured including following details: a) Name of registered manufacturer of tea; b) Type of business; c) Name of the Tea factory; d) SLTB Registration Number (MF number) of the Factory; e) Address of the Tea factory; f) Elevational category of the factory; g) Agro-climatic","['2025', 'official document', 'sustainability', 'quality', 'disease/pests']",Sri Lanka government / standards draft (hosted on Plantation & Community Infrastructure Ministry site),SLTEA-014,1853,300,9,5,which ever applicable. 19.2 record keeping 19.2.1 farms shall keep up-to-date records. 19.2.2 all records of the entire value chain from farm to exporter shall be maintained and retained for at least 4 years unless stipulated by any specific legislation otherwise wherever applicable. 19.2.3 the farm records shall be accessible and audited. 19.2.4 record keeping system shall be established in which all the essential elements are dsls 1523 part 9 . 33 captured including following details a name of the farmer grower planter practitioner b address of the farm site tea land estate c map of the tea land field estate with natural boundaries and gps points d year and season e the cultivar s the origin of the planting materials and the date of planting f all details of agronomic and cultural operations from planting pruning harvesting g the type amount the mode -of-application and the date of application of agro inputs i.e. fertilizer plant protection products manures etc. as recommended by the relevant authority h in connection with rational use of the plant protectio n products the common name and brand trade name amount or dosage as per relevant circulars issued by relevant authority the name of the operator the mode -of-application the date of application and pre harvest interval j the date of harvested quantity and type of produce and k waste recycling and safe disposal mechanisms. 19.2.5 record keeping- tea factory 19.2.5.1 record keeping system shall be established in which all the essential elements are captured including following details a name of registered manufacturer of tea b type of business c name of the tea factory d sltb registration number mf number of the factory e address of the tea factory f elevational category of the factory g agro-climatic
SLTEA_083,sustainability,DSLS-GAP-TEA (Draft Sri Lanka Standard: Good Agricultural Practices – Tea) (Part 38),"region of the Factory; h) Year of the factory established; j) Ownership of the factory; k) Types of teas manufactured: grades, grade mixes with their volumes and grade dispatched including their moisture content; m) Green tea leaf sources: own, bought leaf, neighboring farms, inter estates; n) History of green tea leaf production inclusive of agricultural inputs and agronomic operations; p) Reclaimable tea stocks and disposal; q) Withering capacity; r) Drying capacity; s) Maximum capacity of the factory in Kg of made tea per month; t) Garden mark/s used for sale of tea at the auction and name/s of selling broker/s; u) Registered tea manufacturer, responsible officer/s and workers in the factory; v) Items and materials for maintenance, cleaning, repairs, tea manufacturing etc. used in the factory premises; w) Waste recycling and safe disposal mechanisms; x) Storage facilities of made tea after grading prior to packaging; y) Availability of suitable container to avoid moisture absorption; and z) Details of fire protection mechanism. 19.2.6 Record keeping – Warehouse 19.2.6.1 Record keeping system shall be established in which all the essential elements are DSLS 1523 Part 9: ………. 34 captured including following details: a) Name of the registered owner of the Warehouse; b) Type of Business; c) Warehouse Registration No; d) Details of insurance policy; e) Ownership of the warehouse; f) Year of the warehouse established; g) Category for which the teas stored – As an exporter/As a Broker/As a Local Buyer/As a Forwarder/As a processor/As a manufacturer/As a Seller; h) Location of the warehouse; j) Floor area; k) Facilities available- Stacking rate/Plants and machinery/Electricity/Rest room/washroom /weighing scales; m) Availability of Security; n) Supervisory staff and workers of warehouse; p) Dehumidification and ventilation facilities; q) Waste recycling and safe disposal mechanisms; r) Details on any shared facilities with non-tea operations to ensure to","['2025', 'official document', 'sustainability', 'quality', 'disease/pests']",Sri Lanka government / standards draft (hosted on Plantation & Community Infrastructure Ministry site),SLTEA-014,1983,300,4,5,region of the factory h year of the factory established j ownership of the factory k types of teas manufactured grades grade mixes with their volumes and grade dispatched including their moisture content m green tea leaf sources own bought leaf neighboring farms inter estates n history of green tea leaf production inclusive of agricultural inputs and agronomic operations p reclaimable tea stocks and disposal q withering capacity r drying capacity s maximum capacity of the factory in kg of made tea per month t garden mark s used for sale of tea at the auction and name s of selling broker s u registered tea manufacturer responsible officer s and workers in the factory v items and materials for maintenance cleaning repairs tea manufacturing etc. used in the factory premises w waste recycling and safe disposal mechanisms x storage facilities of made tea after grading prior to packaging y availability of suitable container to avoid moisture absorption and z details of fire protection mechanism. 19.2.6 record keeping warehouse 19.2.6.1 record keeping system shall be established in which all the essential elements are dsls 1523 part 9 . 34 captured including following details a name of the registered owner of the warehouse b type of business c warehouse registration no d details of insurance policy e ownership of the warehouse f year of the warehouse established g category for which the teas stored as an exporter as a broker as a local buyer as a forwarder as a processor as a manufacturer as a seller h location of the warehouse j floor area k facilities available- stacking rate plants and machinery electricity rest room washroom weighing scales m availability of security n supervisory staff and workers of warehouse p dehumidification and ventilation facilities q waste recycling and safe disposal mechanisms r details on any shared facilities with non-tea operations to ensure to
SLTEA_084,sustainability,DSLS-GAP-TEA (Draft Sri Lanka Standard: Good Agricultural Practices – Tea) (Part 39),"avoid contaminations; s) Details of fire protection mechanism; and t) Details of tea stored (auction tea or otherwise). 19.2.7 Record keeping – Local Packer 19.2.7.1 Record keeping system shall be established in which all the essential elements are captured including following details: a) Local packer name and contact details; b) Business Name; c) Type of Business; d) Business address; e) Registration No. as local packer; f) Volume of teas sold per annum. (bulk/Packets); g) Which channels of purchase to procure of teas; h) Brand name; j) Warehouse address; k) Warehouse registration; and m) Licensed Processer registration No. 19.2.8 Record keeping - Exporter. 19.2.8.1 Record keeping system shall be established in which all the essential elements are captured including following details: a) Name of the registered exporter of tea and contact details. b) Type of organization. c) Business registration No. d) If Subsidiary/Associate Company declare Parent/Holding company. e) Tea Exporter registration No. f) Details of insurance policy g) Tea packer registration number h) Business Address. j) Manufacturer cum exporter or processor cum exporter DSLS 1523 Part 9: ………. 35 k) Ownership of warehouse m) Warehouse registration No. n) Brand name/s specify p) Annual volume of export (Bulk/ value added products) q) Registration number as an importer of tea (in case of tea imported of other origin) - volume, details of consignment 19.3 Documents 19.3.1 The traceability documents shall be maintained at the farm site. 19.3.2 A traceability system shall be maintained during the transportation that shall be able to trace the product back to the farm, date of harvest, class and type of the produce. 19.3.3 At the retail market The final product available in the retail market shall contain identification number, QR, Bar, batch code or any reliable method to be able to trace back to the farm. …………………………………………………..","['2025', 'official document', 'sustainability', 'quality', 'disease/pests']",Sri Lanka government / standards draft (hosted on Plantation & Community Infrastructure Ministry site),SLTEA-014,1921,299,17,5,avoid contaminations s details of fire protection mechanism and t details of tea stored auction tea or otherwise . 19.2.7 record keeping local packer 19.2.7.1 record keeping system shall be established in which all the essential elements are captured including following details a local packer name and contact details b business name c type of business d business address e registration no. as local packer f volume of teas sold per annum. bulk packets g which channels of purchase to procure of teas h brand name j warehouse address k warehouse registration and m licensed processer registration no. 19.2.8 record keeping - exporter. 19.2.8.1 record keeping system shall be established in which all the essential elements are captured including following details a name of the registered exporter of tea and contact details. b type of organization. c business registration no. d if subsidiary associate company declare parent holding company. e tea exporter registration no. f details of insurance policy g tea packer registration number h business address. j manufacturer cum exporter or processor cum exporter dsls 1523 part 9 . 35 k ownership of warehouse m warehouse registration no. n brand name s specify p annual volume of export bulk value added products q registration number as an importer of tea in case of tea imported of other origin - volume details of consignment 19.3 documents 19.3.1 the traceability documents shall be maintained at the farm site. 19.3.2 a traceability system shall be maintained during the transportation that shall be able to trace the product back to the farm date of harvest class and type of the produce. 19.3.3 at the retail market the final product available in the retail market shall contain identification number qr bar batch code or any reliable method to be able to trace back to the farm. ..
